ID,A1,A2,A3,A4,B1,B2,B3,B4,D1,D2,D3,D4,eI,eII,eIII
0,-0.27900635,-0.35825318,-0.1875,-0.32475953,0.234375,-0.14981964,-0.203125,-0.35182282,-0.55145219,-0.06926582,0.12890625,-0.26386712,10.36107272,-1.170047208,-2.238989481
1,0.29575318,-0.07924682,-0.375,-0.21650635,0.23631806,-0.42606171,0.125,0.10825318,0.30892922,0.33236672,-0.3046875,-0.25710129,4.707334655,-0.614335256,-1.707908992
2,-0.17075318,-0.04575318,0.125,-0.21650635,0.00306488,-0.18219147,0.03125,-0.05412659,-0.01067207,-0.00285957,0.3828125,-0.6630507,4.80626334,-0.920770551,-1.048737967
3,0.02900635,0.35825318,-0.3125,-0.10825318,0.05300476,-0.20618988,0.296875,0.40594941,0.10475754,0.44426582,-0.34765625,0.15561394,5.865467113,-0.888383556,-1.096542202
4,0.15400635,-0.35825318,-0.0625,-0.10825318,-0.35713135,0.47069306,-0.046875,0.56832917,0.53107957,-0.03495094,0.27734375,-0.25033547,5.529025782,-0.956651512,-1.022756505
5,0.10825318,0.52900635,-0.1875,-0.10825318,-0.07506012,-0.37387818,0.578125,-0.02706329,-0.25732674,0.61272034,-0.29296875,-0.08795571,5.326793356,-0.191981504,-1.342694828
6,0.10825318,-0.15400635,0.0625,-0.10825318,-0.61856964,0.33425476,-0.328125,0.13531647,0.16286553,-0.04562302,0.07421875,-0.45331017,5.202279295,-0.882708889,-1.102820147
7,-0.04575318,-0.07924682,0.5,0.4330127,-0.43832123,-0.29268829,0,-0.10825318,-0.15895928,-0.16901543,0.5234375,0.71717729,4.873683822,-0.132208549,-1.231015762
8,0.3125,0.32475953,-0.1875,0.10825318,-0.08425476,0.27093353,0.046875,-0.02706329,0.44600357,0.46852456,-0.29296875,0.16914559,4.816889012,-0.877681918,-0.93714454
9,-0.34150635,0.125,0.375,-0.4330127,0.19362976,0.01450318,-0.15625,0.32475953,-0.69766617,0.31709732,0.5625,-0.230038,5.616369473,-0.719001772,-1.204950977
10,0.14174682,-0.0625,0.3125,-0.32475953,-0.710076,0.45088135,-0.046875,0.02706329,0.05909965,0.10240387,0.44140625,-0.50743676,5.451762136,-0.455388457,-1.307910335
11,-0.48325318,0.15400635,0.0625,0.10825318,0.38307282,-0.06750794,-0.015625,0.29769623,-0.21770332,0.09081528,0.09765625,0.41271523,12.75095679,-0.921480935,-2.94596792
12,-0.03349365,0,-0.125,-0.4330127,0.01450318,0.11438294,0.40625,-0.32475953,-0.45368591,0.14522232,-0.2421875,-0.18944306,5.458478455,-0.859687786,-1.332597685
13,0.14174682,-0.0625,-0.0625,-0.10825318,-0.07894623,0.13225159,0.671875,0.18944306,0.16832435,-0.21484375,-0.02734375,0.03382912,5.311033172,-0.263779308,-1.222922655
14,0.07924682,0.04575318,0.375,-0.21650635,0.01981171,0.26143829,0.53125,0.27063294,-0.00760719,-0.32526543,0.3046875,-0.17591141,3.888701172,-0.258666444,-0.940467769
15,-0.42075318,0.26225953,-0.375,-0.4330127,-0.29881806,-0.12806488,0.59375,-0.10825318,-0.43392922,0.29136116,-0.234375,-0.31122788,18.28546372,-0.498791196,-4.590587137
16,0.3125,0.35825318,-0.5625,0.10825318,0.171875,0.03543671,0.140625,-0.02706329,0.23046875,-0.146269,-0.76171875,-0.115019,4.966435718,-0.734890934,-1.681048326
17,-0.29575318,-0.60376588,-0.5,0.4330127,-0.15094147,0.08619782,0.03125,0.16237976,-0.1168319,-0.83584222,-0.5,0.10825318,10.331488,-1.3468712,-2.360063544
18,0.59150635,0,0.125,-0.21650635,0.11662659,0.34987976,0.0625,0.64951905,0.61326111,-0.05147232,-0.0390625,-0.09472153,2.999477983,-0.365505,-1.144370352
19,-0.10825318,0.0625,-0.1875,-0.10825318,0.10406647,0.08425476,0.390625,0.08118988,0.15269935,-0.30997589,0.24609375,-0.12855065,5.871958952,-0.52295685,-1.245071619
20,-0.01225953,-0.17075318,0.125,-0.4330127,0.03431488,-0.10743194,-0.125,0.27063294,0.16497902,-0.44174172,-0.1328125,-0.4330127,4.516764383,-0.8489533,-0.952670539
21,-0.04575318,-0.29575318,-0.25,0.21650635,0.19893829,0.36969147,-0.0625,0.27063294,0.20807793,-0.34032951,-0.5546875,0.05412659,5.550650798,-0.681259744,-1.352686651
22,-0.10825318,0.40400635,-0.1875,-0.54126588,0.32894623,-0.5111377,0.046875,-0.29769623,0.302519,0.16419266,-0.08203125,-0.3179937,8.209246673,-0.80310123,-1.680444081
23,0.02900635,-0.10825318,0.0625,-0.10825318,0.296875,0.22906647,-0.421875,0.18944306,0.37176469,-0.119356,0.35546875,-0.37212029,4.52170026,-0.233864783,-1.114490761
24,0.22099365,-0.23325318,0.0625,-0.10825318,-0.05524841,-0.31668671,-0.265625,0.24356964,0.10924484,-0.61430779,-0.34765625,-0.45331017,3.333274241,-0.528248033,-0.741013799
25,-0.23325318,-0.1875,-0.1875,0.10825318,0.28319306,0.43637818,-0.421875,-0.29769623,-0.32846047,-0.11174881,-0.41015625,0.20974053,8.189636635,-0.627403626,-1.759471207
26,0.27900635,-0.23325318,-0.1875,0.10825318,-0.22600159,-0.12081329,-0.046875,0.35182282,0.17981766,-0.59546761,-0.38671875,0.16914559,4.485203198,-0.561147236,-0.990845124
27,0.1875,-0.23325318,-0.0625,-0.10825318,0.22600159,0.12694306,-0.109375,-0.08118988,0.23981369,-0.11920571,-0.21484375,0.27739876,4.355311499,-0.61672018,-0.875479832
28,0.125,0,-0.375,0,0.25,0.55412659,0.3125,0.05412659,0.171875,-0.05315506,-0.65625,0.04059494,4.807566689,-0.856853289,-1.041661996
29,-0.10825318,0.02900635,-0.1875,-0.32475953,-0.24356964,0.22824524,0.078125,-0.40594941,0.13385918,-0.44181687,-0.33984375,-0.50743676,5.621900311,-1.02253931,-1.16190603
30,0.04575318,-0.29575318,0.375,-0.4330127,0.60518829,-0.08231171,-0.1875,-0.05412659,0.02461434,-0.15910957,0.7734375,-0.18944306,4.537156773,-0.602773648,-0.947699561
31,-0.29575318,-0.17075318,0.125,0.21650635,-0.57558076,-0.29881806,0.09375,0.59539247,-0.19342446,-0.25760719,0.2890625,0.09472153,8.873676468,-0.280320198,-2.253625783
32,0.40400635,0.14174682,-0.3125,0.32475953,0.18024841,0.28094941,-0.015625,0.08118988,0.48435486,0.42905144,-0.08984375,0.79160135,4.612807227,-0.776241366,-0.826663875
33,0.23325318,0.15400635,-0.1875,0.32475953,0.13531647,0.00112182,-0.015625,-0.18944306,0.57371285,0.52188492,-0.01171875,0.7510064,4.918787962,-0.864468497,-0.899759307
34,0.0625,-0.35825318,-0.3125,-0.10825318,0.11774841,-0.43719941,-0.328125,0.18944306,0.06165863,-0.29736076,-0.37109375,-0.53450005,5.192306911,-0.814740255,-1.413390634
35,-0.0625,-0.10825318,0.3125,0.32475953,0.34262818,0.03543671,0.078125,-0.13531647,0.01156845,-0.21433785,0.08984375,0.46684182,4.495830524,-0.313790782,-1.057824961
36,0.1875,0.26674682,-0.3125,-0.10825318,-0.27788453,-0.26256012,0.234375,-0.24356964,-0.03975357,0.32763924,-0.20703125,-0.16914559,5.613332642,-0.418952484,-1.351756035
37,0.125,-0.375,0,0,-0.09375,0.09375,-0.1875,0,-0.18888214,-0.3984375,0.421875,0.24356964,3.430832282,-0.43188555,-0.738428906
38,-0.51225953,-0.54575318,0.125,0.21650635,0.20118194,-0.18219147,-0.21875,0.05412659,-0.53339837,-0.4840194,0.21875,0.13531647,11.89301686,-1.612508492,-4.215786106
39,0.17075318,0.20424682,-0.375,-0.21650635,0.33006806,-0.71344147,0.6875,-0.10825318,0.37142922,0.30029549,-0.234375,-0.21650635,4.717550109,-0.49965297,-1.140530722
40,-0.29575318,-0.20424682,0.5,0.21650635,-0.54881806,-0.17381806,0.34375,0,-0.22773934,-0.00357078,0.3125,0.41948105,6.70804996,-0.109988011,-1.721320126
41,-0.5580127,-0.21650635,-0.125,0.21650635,0.10825318,-0.3125,-0.1875,0.4330127,-0.70323502,-0.28053879,0.109375,0.21650635,13.78134858,-1.339065326,-3.038619741
42,0.40400635,0.10825318,-0.0625,0.10825318,-0.07588135,0.02093353,0.046875,-0.40594941,0.34081528,-0.26192406,-0.42578125,0.00676582,3.530634303,-0.606164496,-0.726296404
43,-0.21650635,0.34150635,0,-0.21650635,-0.16850953,-0.0625,0.3125,0.59539247,-0.32113373,0.18832123,-0.140625,-0.09472153,7.929055262,-0.494365872,-1.940322569
44,-0.20424682,0.17075318,0.125,0.21650635,0.17381806,0.38643829,0.0625,0,-0.49407554,-0.03620293,0.4765625,0.17591141,6.591645209,-0.225003873,-1.669791539
45,-0.29575318,-0.26225953,-0.5,0,-0.27594147,-0.15318512,0.21875,0.05412659,-0.2340194,-0.11765313,-0.5234375,0.04059494,13.18825074,-1.263429968,-3.018675715
46,-0.51225953,0.17075318,0.25,-0.21650635,-0.02205536,0.48407441,-0.09375,-0.10825318,-0.50368081,0.05586434,0.0859375,-0.13531647,9.112902569,-1.022935198,-2.061664649
47,0.15400635,0.23325318,0.1875,-0.10825318,-0.00112182,-0.18555694,-0.453125,-0.13531647,-0.00921478,0.37533547,-0.01171875,-0.12855065,3.8863846,-0.294140866,-0.798855615
48,0.23325318,0.4955127,-0.4375,-0.10825318,-0.11243988,-0.171875,0.015625,-0.24356964,0.07861076,0.57294663,-0.58984375,-0.25033547,4.536187468,-0.832628515,-1.09035579
49,0.04575318,-0.29575318,0.375,-0.4330127,0.44669464,-0.37806488,-0.4375,-0.05412659,-0.09257316,-0.29345451,0.375,-0.47360764,4.143733866,-1.115716985,-1.241543441
50,-0.26674682,0.1875,0.0625,0.10825318,0.11856964,-0.13225159,-0.015625,0.29769623,-0.35567406,-0.11926072,0.07421875,0.29093041,7.005517522,-0.580677793,-1.588456362
51,-0.17075318,-0.04575318,0,0,0.48631806,-0.02818512,-0.125,0,-0.23080422,0.17836037,0.4453125,-0.28416459,7.044023511,-0.356041736,-1.634610303
52,-0.10825318,0.40400635,0.0625,-0.54126588,0.11019623,-0.00725159,-0.234375,0.18944306,0.36027138,0.3922876,0.28515625,-0.115019,4.758962689,-0.765622792,-0.945946507
53,-0.04575318,-0.17075318,0,0,-0.02594147,0.15318512,0.03125,0.48713929,0.22355263,-0.47145928,0,0,4.73507205,-0.595161256,-1.055614563
54,0.34150635,-0.09150635,0,-0.4330127,-0.24162659,0.34375,-0.59375,0.05412659,0.48381409,0.05539871,-0.1640625,-0.31122788,3.80279136,-0.490994587,-0.934003944
55,0.10825318,-0.52900635,0.0625,0.10825318,0.08956329,-0.06975159,-0.109375,0.02706329,0.21770332,-0.63615784,-0.25390625,0.04736076,3.42384724,-0.533552504,-1.107724383
56,0.09150635,0.09150635,-0.125,-0.21650635,0.05412659,-0.37275635,0.1875,0.54126588,-0.28181091,0.07266617,-0.359375,-0.37888611,5.094025714,-0.673662989,-1.152681047
57,0,-0.09150635,0,0,-0.50612976,0.07924682,-0.3125,-0.10825318,0.22013214,0.32868591,0.0703125,0.28416459,6.268630053,-0.969243878,-1.336855004
58,-0.21650635,0.375,0.375,-0.21650635,-0.35825318,-0.0625,0.1875,-0.10825318,-0.32281647,0.421875,0.234375,-0.13531647,6.953290159,-0.121961593,-1.806773912
59,-0.125,0.125,0.375,-0.21650635,0.25,0.08537659,-0.625,-0.32475953,-0.21875,0.12959732,0.328125,-0.37888611,5.055842758,-0.12025622,-1.194417366
60,-0.32475953,-0.40400635,0.0625,0.32475953,0.06055694,-0.16350159,0.453125,0.40594941,-0.33417962,-0.12528046,0.02734375,0.14208229,7.24914027,-0.163460255,-1.828488912
61,0.17075318,-0.17075318,0.375,0,0.34457123,0.02594147,0.21875,-0.4330127,0.6246444,-0.2496444,0.6328125,0,3.516596331,-0.34621318,-0.719940991
62,-0.15400635,0.01674682,0.1875,-0.10825318,-0.7923877,0.18944306,0.390625,-0.18944306,-0.11593552,0.07304191,0.43359375,-0.08795571,10.98321966,-0.072309714,-2.89627104
63,0.25,-0.09150635,0.25,0,-0.72487976,0.16237976,-0.03125,0.37888611,0.02986786,-0.22125397,0.5078125,0.12178482,5.769352136,-0.240895408,-1.452312157
64,-0.23325318,0.3125,0.1875,0.32475953,0.33731964,0.484375,-0.234375,-0.40594941,-0.62978249,0.11328125,0.29296875,0.18267723,9.684557394,-0.301104113,-2.482958368
65,0.32475953,0.15400635,0.0625,-0.10825318,0.22069306,-0.52788453,0.421875,-0.08118988,0.31533944,0.11716736,0.05078125,-0.49390511,3.265127421,-0.562762379,-0.633155283
66,-0.1875,0.10825318,-0.1875,0.32475953,0.09262818,0.61019623,-0.328125,-0.29769623,-0.28500595,0.16118279,-0.24609375,0.18267723,7.341766968,-1.215739657,-1.555980156
67,-0.23325318,-0.0625,0.5625,0.32475953,-0.27481964,-0.078125,0.015625,-0.67658235,-0.01457832,0.13671875,0.50390625,0.10148735,4.90390135,-0.289660707,-1.020066383
68,-0.46650635,-0.25,0,-0.21650635,-0.06025635,0.07311706,0.4375,-0.05412659,-0.07434891,-0.6873497,-0.4921875,-0.21650635,10.73597957,-1.217085817,-2.678936804
69,-0.40400635,0.23325318,0.1875,0.10825318,-0.21762818,0.27706329,0.140625,-0.78483552,-0.3843248,0.43308785,0.01171875,0.00676582,12.50208789,-0.194706374,-3.232928836
70,0,0.03349365,0,0.21650635,0.16237976,0.10212341,-0.34375,0.10825318,0.40763214,0.28962341,0.3515625,0.21650635,5.040397231,-0.196815314,-1.107284678
71,0.19975953,0.65400635,-0.0625,0.32475953,0.11243988,0.10100159,-0.140625,-0.13531647,0.3527192,0.50794266,0.34765625,0.46684182,7.935225322,-0.918198422,-1.636072835
72,-0.25,0.34150635,-0.375,-0.21650635,0.08537659,-0.3125,0.34375,-0.05412659,-0.16881012,0.61479355,-0.4453125,-0.50067094,8.117686839,-1.131942087,-1.69423542
73,0.42075318,-0.04575318,-0.125,-0.21650635,0.24244782,0.29657441,0.21875,0.37888611,0.55111672,-0.34017922,-0.1015625,-0.50067094,3.710821856,-0.492969848,-1.202842096
74,-0.6205127,-0.26674682,0.0625,0.10825318,0.02399841,0.21456329,-0.078125,-0.35182282,-0.61339127,-0.32135918,0.07421875,0.04736076,12.54150853,-1.022738645,-2.821244649
75,0.0625,-0.44975953,-0.3125,-0.10825318,0.11326111,-0.27706329,-0.015625,0.40594941,0.00390625,-0.3528695,0.07421875,-0.49390511,5.04126114,-0.610386231,-1.178257719
76,-0.40400635,-0.32475953,0.0625,0.10825318,-0.203125,-0.08731964,-0.109375,0.24356964,-0.55926469,-0.04205223,0.09765625,-0.3179937,7.645731372,-0.889422557,-1.744773555
77,-0.0625,0.35825318,-0.0625,0.32475953,0.109375,0.51031647,-0.515625,-0.13531647,-0.35546875,0.322481,-0.12109375,0.14208229,7.103373125,-1.098571818,-1.425028076
78,0.29575318,-0.04575318,-0.25,-0.21650635,0.13868194,0.05943512,-0.28125,0.21650635,0.40267922,0.01889519,-0.203125,-0.25710129,4.61961855,-0.636352039,-1.208174657
79,-0.07924682,-0.04575318,0.125,-0.21650635,0.24693512,0.17606171,-0.21875,-0.27063294,-0.15185799,-0.37281136,-0.203125,-0.05412659,5.031696762,-0.452003406,-1.101605407
80,-0.51225953,0.42075318,0.125,0,0.16993194,0.05106171,-0.4375,0.16237976,-0.77865075,0.07317207,0.4765625,0.16237976,17.11422991,-0.441956199,-4.226851604
81,-0.17075318,-0.17075318,-0.375,0,0.15931488,0.14869782,-0.375,0.05412659,-0.12157951,-0.54008904,-0.6796875,0.08118988,8.256347817,-1.077772941,-1.697099277
82,0.0625,-0.32475953,0.0625,-0.10825318,-0.25112182,0.10631012,0.328125,0.29769623,-0.29450119,-0.56227456,-0.13671875,-0.08795571,4.81123679,-0.325971653,-1.168527383
83,0.3125,-0.10825318,0.3125,-0.32475953,-0.35713135,0.51031647,0.171875,0.29769623,0.46147828,-0.03480065,0.37109375,-0.30446206,3.655816124,-0.639948708,-0.725744964
84,0.38725953,-0.17075318,0.125,-0.21650635,0.48631806,0.05719147,0.125,0.10825318,0.27865075,-0.2730819,0.546875,-0.37888611,3.757400876,-0.619128863,-0.736779328
85,-0.0625,0.14174682,0.0625,-0.10825318,-0.03237182,0.25194306,-0.234375,-0.13531647,-0.44125595,0.37298179,-0.06640625,-0.12855065,4.508022348,-0.468648894,-0.972565641
86,0.52900635,-0.23325318,0.0625,0.10825318,0.03625794,0.28319306,0.015625,0.13531647,0.69222748,-0.19120094,0.21484375,-0.115019,2.883293541,-0.444734156,-0.611354554
87,-0.15400635,-0.23325318,0.0625,-0.32475953,-0.34038453,0.24805694,0.203125,0.24356964,0.01840943,-0.51596047,-0.06640625,-0.14208229,6.210589802,-0.739970892,-1.397216781
88,-0.14174682,0.3125,0.1875,0.32475953,-0.28932282,0.26338135,-0.359375,-0.29769623,0.35649529,0.59290863,-0.10546875,0.5480317,9.536820348,-0.977720078,-2.157946357
89,0.01674682,-0.3125,0.1875,0.10825318,-0.16656647,-0.23213135,0.171875,0.35182282,0.08560203,-0.12584137,0.43359375,0.16914559,4.35598884,-0.117076804,-1.098432068
90,-0.17075318,0.04575318,0.25,0.4330127,-0.04268829,-0.09681488,-0.375,0.10825318,-0.70415154,-0.28926781,0.4609375,0.47360764,6.096650528,-0.225537505,-1.468666601
91,0.09599365,-0.23325318,0.3125,-0.32475953,-0.4798877,0.34793671,-0.015625,-0.24356964,0.03111984,0.03229668,0.58203125,-0.58862664,3.711200619,-1.000714636,-1.230602878
92,0.09599365,-0.23325318,-0.1875,0.10825318,0.16350159,-0.20394623,0.171875,-0.35182282,0.28893234,-0.14892326,-0.08203125,0.12855065,4.599355727,-0.717367051,-0.914959615
93,0.10825318,-0.0625,-0.0625,0.10825318,0.14368988,0.54463135,0.078125,-0.460076,-0.07442406,-0.04158661,-0.23828125,-0.07442406,4.118640351,-0.632378664,-0.721803442
94,-0.52900635,-0.01674682,0.0625,0.10825318,-0.078125,0.12305694,0.109375,0.08118988,-0.53612778,-0.52586632,-0.08984375,0.25033547,10.76802049,-0.910405297,-2.54123855
95,0.23325318,-0.6205127,-0.1875,-0.54126588,-0.25418671,0.18637818,0.265625,0.29769623,0.16608071,-0.74145616,-0.31640625,-0.3179937,5.704672928,-0.755942738,-1.294988543
96,0.27900635,-0.01674682,-0.3125,0.10825318,0.23213135,0.41432282,0.328125,-0.460076,0.09694504,-0.32289162,-0.27734375,-0.03382912,4.128145711,-0.76671559,-0.925214065
97,-0.21650635,0.34150635,-0.125,0,0.06862976,-0.20200318,-0.0625,0.05412659,-0.26797867,0.51812897,-0.171875,-0.04059494,8.211902048,-0.627708259,-1.919756293
98,0.125,-0.34150635,0,-0.21650635,0.17912659,-0.27900635,-0.3125,-0.70364564,0.40456726,-0.38041855,0,-0.09472153,4.937703714,-0.439628821,-0.986096754
99,-0.0625,0.39174682,-0.4375,-0.10825318,-0.09487182,-0.04381012,0.453125,0.40594941,0.26938095,0.01069221,-0.26171875,0.07442406,9.106116225,-1.101060026,-1.842645401
100,0.21650635,-0.09150635,-0.125,0.4330127,0.41462341,0.5892627,0.25,0.05412659,0.36341141,-0.21497391,0.1328125,0.35182282,4.340756734,-0.511814544,-0.933930594
101,-0.13725953,0.01225953,0,0.4330127,0.21344147,0.58619782,-0.21875,0.16237976,-0.03493081,0.06143319,-0.140625,0.67658235,6.216547306,-0.547317677,-1.335481631
102,0.17075318,-0.17075318,-0.25,0.21650635,-0.19893829,-0.21119782,0.28125,0.10825318,0.15129707,-0.23248696,-0.34375,0.50067094,5.84758407,-0.516370819,-1.349761352
103,0.0625,0.14174682,-0.1875,-0.32475953,-0.37163453,-0.10631012,-0.046875,0.02706329,0.02734375,0.01513924,-0.50390625,-0.30446206,5.635752286,-0.865464345,-1.275307261
104,-0.25,-0.21650635,-0.125,0,-0.04186706,0.03962341,0.1875,0.70364564,-0.0625,-0.40692094,-0.1484375,0,7.855929067,-0.809762289,-1.789007888
105,0.40400635,0.10825318,0.0625,0.32475953,0.203125,0.22069306,0.015625,0.18944306,0.53750992,0.34408547,0.00390625,0.58862664,3.625142396,-0.599828889,-0.685789235
106,0.04575318,0.38725953,-0.5,0.21650635,0.11131806,-0.05494782,0.28125,0.32475953,0.03549172,0.22717842,-0.2890625,0.13531647,7.028577848,-1.234201951,-1.266061881
107,0.0625,0.44975953,-0.1875,-0.10825318,-0.40288453,0.22906647,0.171875,-0.62245576,0.05537857,0.38258706,-0.05859375,-0.08795571,7.757382482,-0.359040331,-1.895574581
108,-0.17075318,-0.07924682,0,-0.21650635,-0.09681488,-0.51756806,-0.21875,0.64951905,-0.55096642,-0.08782554,0.0703125,-0.13531647,6.418435383,-0.415111503,-1.571387066
109,0.07924682,-0.76225953,-0.375,0,0.26143829,0.09068512,0.1875,-0.27063294,0.09870293,-0.91314598,-0.7734375,-0.08118988,6.614788075,-1.10024293,-2.278413084
110,0.14174682,0.0625,-0.1875,0.32475953,0.49969941,0.34875794,0.046875,0.24356964,0.12604668,0.26631607,0.01171875,0.62922158,6.087382966,-0.685750796,-1.272176
111,-0.23325318,0.40400635,-0.0625,-0.10825318,0.07281647,0.265625,0.296875,0.40594941,-0.33642326,0.05788254,-0.16796875,-0.04736076,9.028895374,-0.26647866,-2.337079238
112,0.38725953,-0.26225953,0.125,-0.21650635,-0.61520417,-0.34457123,-0.34375,-0.27063294,0.19118081,-0.04274331,0.1484375,0.39241776,6.594509982,-0.684279126,-1.505624405
113,-0.04575318,-0.17075318,0,0,-0.01981171,0.62582123,-0.28125,-0.16237976,-0.1949569,0.12199013,-0.046875,-0.16237976,4.262930424,-0.338620806,-0.920588038
114,-0.15400635,-0.41626588,-0.3125,-0.10825318,-0.23213135,-0.09793671,0.359375,-0.13531647,-0.34694504,0.07109886,-0.34765625,-0.08795571,8.381377275,-0.75922609,-1.927007662
115,0.1875,-0.01674682,0.0625,-0.10825318,0.22600159,0.04381012,-0.140625,-0.62245576,0.14774643,-0.32120888,0.14453125,0.07442406,4.338336298,-0.43336044,-0.948607158
116,-0.04575318,-0.04575318,0,0.21650635,-0.02594147,-0.06556488,0.03125,0.10825318,0.22355263,-0.18239678,0,0.50067094,4.833987052,-0.545163098,-1.075261718
117,-0.42075318,-0.26225953,-0.375,0.4330127,-0.04268829,0.21344147,0.15625,-0.10825318,-0.30754707,-0.00046563,-0.6328125,0.4330127,14.03521616,-2.318576563,-2.817466142
118,-0.0625,-0.35825318,-0.0625,0.10825318,-0.16350159,0.38756012,0.609375,0.13531647,-0.12737381,-0.50829826,-0.00390625,0.00676582,5.911612992,-0.269979259,-1.46983997
119,-0.54126588,0.15400635,0.3125,0.32475953,-0.28543671,-0.20925476,0.296875,-0.08118988,-0.49921364,0.25319504,0.34765625,0.26386712,14.32753115,-0.246782243,-3.720079984
120,-0.0625,0.35825318,-0.1875,-0.32475953,-0.14675476,0.12918671,0.078125,-0.18944306,0.07728363,0.11614082,0.17578125,-0.58862664,5.546504175,-0.727611235,-1.230963303
121,0.17075318,-0.07924682,-0.125,0,0.04268829,-0.33231171,-0.53125,-0.10825318,-0.20026543,-0.3050431,-0.265625,0.04059494,4.802006844,-0.515541445,-1.037079292
122,0.15400635,0.23325318,0.3125,-0.32475953,0.49050476,-0.13756012,0.109375,-0.13531647,0.12972748,0.03173576,0.44140625,-0.345057,4.312085002,-0.470169372,-0.946375757
123,0.1875,0.23325318,-0.3125,0.10825318,0.31750794,0.29381012,-0.234375,-0.02706329,-0.07406845,0.46280541,-0.30078125,0.49390511,5.914018311,-0.698761974,-1.244720061
124,-0.0625,-0.44975953,0.1875,0.10825318,-0.203125,0.46231964,0.859375,-0.08118988,-0.42578125,-0.47173973,0.10546875,0.08795571,4.24033403,-0.262350667,-1.035155054
125,-0.23325318,0.27900635,0.3125,0.32475953,0.34344941,-0.05913453,0.421875,0.24356964,0.1929937,0.57029236,0.08984375,0.30446206,8.683082804,-0.822288548,-1.9546409
126,0.46650635,-0.21650635,0.25,0,0.26674682,0.55188294,0.09375,-0.16237976,0.17437897,-0.08675873,-0.171875,0.16237976,3.348518552,-0.370168102,-0.705198288
127,-0.19975953,0.22099365,-0.3125,-0.32475953,-0.11243988,-0.14899841,0.109375,0.35182282,-0.16690194,-0.32810486,-0.11328125,-0.26386712,7.598854784,-0.633159571,-1.816066613
128,-0.48325318,0.27900635,0.3125,-0.10825318,-0.53543671,-0.078125,0.203125,-0.02706329,-0.21770332,0.30788254,0.44140625,-0.25033547,13.07885514,-0.204890674,-3.438794061
129,0.44975953,0.1875,0.1875,0.10825318,-0.12081329,-0.52788453,0.359375,-0.29769623,0.17961235,0.21805893,-0.29296875,-0.03382912,3.296525782,-0.358375443,-0.800499282
130,-0.4330127,-0.25,0,0.8660254,-0.08537659,-0.08537659,0.0625,0,-0.22835526,0.05760209,-0.046875,0.8660254,12.33062879,-0.850317788,-2.959731726
131,-0.23325318,0.6205127,-0.5625,-0.32475953,0.07506012,-0.43413453,-0.046875,0.18944306,-0.26611076,0.33382401,-0.69140625,-0.42624688,13.13054662,-1.370502417,-2.880242529
132,0.1875,0.14174682,0.3125,-0.10825318,0.35713135,-0.16043671,0.421875,0.13531647,0.29924881,0.45417168,0.23046875,-0.04736076,3.823439726,-0.62673646,-0.841724633
133,-0.125,0.125,-0.125,-0.21650635,-0.0625,0.31862976,0.125,-0.10825318,-0.171875,0.55147232,-0.6875,-0.13531647,5.9674785,-1.0144964,-1.400983468
134,-0.1875,-0.44975953,-0.4375,0.10825318,-0.17800476,-0.46456329,-0.171875,0.13531647,0.01631607,-0.30767723,-0.66015625,0.04736076,8.080580108,-0.981887104,-1.883757065
135,-0.20424682,-0.29575318,0,0.21650635,0.538201,0.33844147,0.21875,-0.21650635,0.06674172,-0.34952416,0.0703125,0.54126588,7.086243865,-0.508922231,-1.622012013
136,-0.35825318,-0.09599365,-0.0625,-0.32475953,0.35795258,-0.140625,0.078125,-0.13531647,-0.33167565,0.00487778,0.44140625,-0.46684182,9.573713824,-1.075255839,-2.102342785
137,0.25,0.34150635,0.125,0.21650635,-0.29575318,0.03962341,0.28125,-0.70364564,-0.01240982,0.65998582,-0.25,0.05412659,5.64607982,-0.201234579,-1.398192077
138,-0.25,-0.3080127,0.125,0,-0.24162659,0.34150635,0.25,0.27063294,-0.14368988,-0.57501985,-0.2734375,0,5.961124236,-0.649929313,-1.366845524
139,-0.20424682,-0.29575318,0.5,0.21650635,-0.26756806,-0.07393829,0,0.05412659,-0.01904549,-0.41692207,0.5234375,0.05412659,3.860815207,-0.168175113,-0.965795983
140,-0.10825318,0.27900635,-0.3125,0.32475953,0.01256012,0.34262818,-0.078125,0.08118988,-0.38299767,-0.21233978,0.02734375,0.66981652,8.004838583,-0.73745706,-1.912673839
141,0.27900635,0.10825318,0.1875,-0.54126588,-0.50500794,0.02706329,-0.203125,-0.460076,0.12374802,0.35664559,0.43359375,-0.35858864,4.617634501,-0.878824232,-1.075486397
142,0.23325318,-0.3125,-0.0625,-0.10825318,-0.22069306,0.38838135,0.421875,0.62245576,0.20207832,-0.45060089,0.13671875,-0.00676582,5.056755717,-0.31080309,-1.240273342
143,0.32475953,0.52900635,0.0625,0.10825318,-0.11243988,-0.00336547,-0.046875,-0.18944306,0.15295967,0.79685486,-0.37109375,0.08795571,4.571291557,-0.431636887,-1.05872151
144,-0.02900635,0.10825318,0.0625,-0.10825318,-0.51338135,-0.29156647,-0.421875,0.08118988,0.26855972,-0.19957435,-0.01953125,0.19620888,5.226149384,-0.725185873,-1.178189536
145,0.1875,0.23325318,0.0625,-0.10825318,0.28012818,-0.03768036,0.265625,-0.02706329,0.52106369,0.35358071,0.07421875,0.115019,4.105030235,-0.680215958,-0.971074913
146,-0.125,-0.125,0,0,-0.02063294,0.08762024,-0.375,0.4330127,-0.3359375,0.1328125,0.09375,0,5.231840086,-0.911379298,-1.138529636
147,0.125,0.125,0.5,0.4330127,-0.17299682,-0.09375,0.3125,0,-0.55132203,-0.0390625,0.453125,0.4330127,4.432860671,-0.086355344,-1.141728391
148,-0.07475953,0.15400635,0.3125,0.54126588,-0.29993988,-0.12387818,0.046875,0.08118988,-0.40893914,-0.27790466,0.51171875,0.72394311,6.058989057,-0.39266545,-1.265356199
149,0.125,0.25,-0.375,0,0.13950318,0.01674682,-0.34375,-0.54126588,-0.1482872,0.23912262,-0.375,0.12178482,6.249463021,-0.774539155,-1.354341237
150,0.10825318,0.65400635,-0.3125,0.32475953,-0.36856964,0.08649841,-0.359375,-0.40594941,0.29721047,0.81263016,-0.44140625,0.345057,9.960768221,-1.263307586,-2.207768622
151,-0.02900635,0.35825318,-0.3125,0.10825318,0.25725159,0.06444306,0.203125,-0.13531647,-0.17966736,0.38314797,-0.08984375,0.37212029,6.631063312,-0.897788837,-1.521253385
152,-0.32475953,0.27900635,-0.0625,-0.32475953,0.40819306,0.00112182,-0.078125,0.35182282,-0.20611473,0.67660248,-0.21484375,-0.46684182,8.855908286,-0.986640282,-1.897866589
153,0.46650635,-0.21650635,0.125,-0.21650635,-0.26450318,0.23549682,-0.09375,0.05412659,0.57741379,0.03962341,0.5,-0.05412659,3.30296902,-0.517058138,-0.83724584
154,0.03349365,0.375,0,-0.4330127,0.11662659,-0.29799682,0.3125,-0.21650635,-0.01506409,0.6717247,-0.421875,-0.35182282,4.927529712,-0.764569326,-1.523817994
155,0.17075318,0.20424682,0.375,0.21650635,-0.19056488,-0.01143829,0.03125,-0.05412659,0.58236672,0.34089043,0.5859375,0.25710129,4.191405576,-0.329220735,-0.881313342
156,0.35825318,0.0625,-0.3125,-0.10825318,0.26031647,0.34038453,0.484375,0.40594941,0.35511315,0.41781845,-0.48828125,0.3179937,4.276098551,-0.457467447,-1.485154581
157,0.29575318,0.17075318,0,-0.4330127,0.15707123,-0.33006806,-0.34375,-0.27063294,0.17794975,-0.08139519,0.1640625,-0.63598741,4.344981204,-0.794563363,-0.839905657
158,-0.17075318,0.07924682,0.375,-0.4330127,0.30494782,-0.06556488,-0.40625,0.21650635,-0.54008904,0.45654549,0.1171875,-0.4330127,4.756941933,-0.631564546,-0.99867298
159,-0.19975953,-0.02900635,0.0625,-0.10825318,-0.21456329,0.21538453,0.515625,0.73070893,0.27964241,-0.27341736,-0.01953125,0.03382912,8.414758832,-0.61672545,-1.825595933
160,-0.21650635,0,-0.25,0.21650635,0.27900635,0.06025635,-0.21875,0,-0.03528641,0.33731964,-0.53125,0.41948105,8.702416183,-0.789447419,-1.833009635
161,0.23325318,-0.52900635,-0.1875,-0.10825318,-0.49969941,-0.06975159,-0.046875,0.51420258,0.12088844,-0.6733873,-0.01171875,-0.25033547,6.078251381,-0.344214242,-1.508123503
162,0.02900635,0.01674682,-0.1875,0.10825318,-0.265625,0.05606964,0.265625,-0.08118988,0.08132004,0.62589638,-0.26953125,-0.03382912,6.731112087,-0.348494325,-1.623311919
163,-0.27900635,-0.23325318,-0.5625,0.10825318,0.13225159,0.72906647,-0.171875,-0.460076,-0.45310486,0.07457435,-0.26953125,0.25033547,11.47056049,-0.989652713,-2.4946949
164,0.6205127,0.23325318,0.0625,-0.10825318,-0.00725159,0.06055694,0.109375,0.02706329,0.48241181,0.53939797,-0.23046875,0.15561394,3.133245288,-0.379117443,-1.26495022
165,-0.1875,0.01674682,0.4375,-0.32475953,-0.08649841,-0.11468353,0.484375,-0.18944306,0.08662857,0.09019935,-0.01953125,-0.50743676,4.204732485,-0.529379493,-0.868370302
166,-0.32475953,0.15400635,0.0625,0.10825318,0.38531647,0.44250794,-0.484375,-0.29769623,-0.43420967,0.30466736,0.19140625,0.25033547,8.885963298,-0.278595611,-2.127773336
167,-0.02900635,0.10825318,-0.1875,-0.10825318,-0.24887818,0.428826,0.296875,0.24356964,-0.10016022,-0.11670174,-0.43359375,-0.33152535,7.325710462,-0.565371417,-1.726103326
168,-0.1875,-0.23325318,-0.0625,-0.32475953,-0.59875794,0.63082917,-0.078125,0.13531647,0.07406845,0.02433388,-0.14453125,-0.7510064,9.009967341,-1.673281129,-2.277479178
169,-0.14174682,-0.15400635,0.1875,0.10825318,0.39981964,-0.06362182,0.265625,0.18944306,0.05808785,0.13727966,0.36328125,0.12855065,5.114560802,-0.692001526,-1.12396641
170,-0.57475953,0.0625,0.0625,-0.32475953,-0.35406647,0.33425476,0.390625,-0.08118988,-0.41383706,0.03990387,0.07421875,-0.62922158,16.66785068,-0.644179009,-4.182525514
171,0.59150635,-0.09150635,0.25,0,0.41237976,0.06025635,0.71875,0.16237976,0.53375397,0.18346359,0.0390625,0.04059494,2.880148031,-0.517487997,-0.624984122
172,-0.0625,-0.44975953,-0.3125,0.10825318,0.171875,-0.28319306,-0.140625,0.24356964,-0.37890625,-0.50605462,-0.16015625,0.25033547,5.64170761,-0.874617173,-1.197202624
173,0.19975953,-0.1875,0.0625,-0.32475953,0.59344941,-0.18024841,0.421875,-0.24356964,0.23093438,-0.16490387,0.00390625,-0.58862664,4.741668849,-0.794682504,-1.055963911
174,-0.15400635,-0.07475953,-0.4375,-0.32475953,0.078125,0.10406647,-0.078125,-0.13531647,-0.56707719,0.29541771,-0.05078125,-0.38565194,7.812599761,-1.212008354,-1.586438876
175,0.10825318,0.15400635,-0.0625,0.32475953,-0.37694306,-0.67800476,-0.328125,-0.35182282,0.26289559,-0.07492996,-0.42578125,0.42624688,5.370100478,-0.960445601,-1.014504468
176,-0.03349365,0.46650635,-0.125,0.21650635,-0.17075318,0.11438294,0.25,-0.10825318,0.00082123,0.24009415,0.25,0.54126588,9.006802961,-0.315209509,-2.302902484
177,-0.19975953,-0.1875,0.1875,0.10825318,-0.53319306,0.24887818,0.046875,-0.08118988,-0.24181176,-0.05231369,0.59765625,-0.03382912,7.139179005,-0.401852166,-1.760738144
178,-0.17075318,-0.54575318,0,0,0.28207123,-0.01143829,0.25,-0.10825318,-0.37602654,-0.52629707,0.2578125,0.28416459,7.152771581,-0.925030932,-2.635296239
179,-0.44975953,0.52900635,-0.1875,-0.32475953,-0.04156647,0.22600159,0.109375,-0.24356964,-0.73078408,0.35031052,0.19921875,-0.5480317,15.85786132,-0.506450972,-4.055013572
180,-0.76225953,-0.42075318,0.375,0.4330127,-0.28431488,0.30719147,0.625,-0.05412659,-0.58961831,-0.5933944,0.0234375,0.4330127,18.30569942,-0.441468247,-4.738920101
181,0.15400635,-0.35825318,0.1875,-0.10825318,0.14675476,0.23519623,0.171875,-0.02706329,0.68886201,-0.49573815,0.24609375,-0.65628488,3.542440395,-0.65121822,-1.2029979
182,0.35825318,0.1875,-0.1875,-0.10825318,0.27481964,0.02175476,-0.015625,0.24356964,0.31620094,-0.02259613,-0.29296875,-0.25033547,4.250214371,-0.551341797,-1.079161793
183,-0.04575318,-0.17075318,0.25,0,-0.33844147,0.32393829,0.15625,0.27063294,0.40017525,-0.08098457,0.4140625,0.28416459,4.953284065,-0.512732251,-1.012676735
184,-0.15400635,-0.35825318,0.1875,0.10825318,0.00725159,0.14368988,0.046875,-0.29769623,-0.67630189,-0.36767326,0.43359375,0.41271523,4.207125321,-0.301217116,-0.982567579
185,0.29575318,-0.13725953,0.125,-0.4330127,-0.35294464,0.51756806,0.21875,0.32475953,0.4369941,-0.07720848,0.2890625,-0.35182282,4.466204481,-0.759619138,-0.831532108
186,0.125,-0.125,0,0,0.22099365,-0.33537659,0.09375,0.16237976,-0.07337738,-0.0078125,0.46875,0.08118988,4.055418705,-0.637542475,-0.917561895
187,0.10825318,-0.27900635,0.1875,-0.10825318,-0.07506012,-0.00112182,0.171875,-0.35182282,0.17374291,-0.46566498,0.29296875,-0.08795571,3.383358689,-0.521712252,-0.742097069
188,-0.07924682,-0.07924682,0.25,-0.21650635,0.29044464,-0.49469147,0.21875,0.10825318,-0.11586037,0.0465194,0.34375,-0.50067094,4.135758317,-0.721199842,-0.936278097
189,0.0625,-0.23325318,-0.3125,0.10825318,0.00725159,0.08118988,-0.359375,0.83896211,-0.04756607,0.09632912,-0.06640625,0.00676582,5.277422677,-0.851212588,-1.04250537
190,0.15400635,-0.10825318,-0.0625,0.32475953,0.12612182,-0.21680694,0.328125,-0.29769623,0.14397034,-0.22689797,-0.07421875,0.30446206,4.224765557,-0.461535997,-0.889328957
191,0.23325318,0.0625,-0.0625,0.10825318,-0.09180694,-0.15737182,-0.171875,-0.02706329,0.63314797,0.08509613,0.23046875,-0.07442406,3.706804324,-0.674415756,-0.701912077
192,-0.35825318,-0.15400635,0.1875,-0.10825318,0.40819306,-0.21762818,0.390625,0.13531647,-0.19564797,0.17159454,0.45703125,-0.37212029,7.767618212,-1.551593879,-1.634824257
193,-0.17075318,-0.04575318,0.25,0,-0.09905853,-0.17606171,0.375,0.54126588,-0.4137069,0.30182793,0.4140625,-0.12178482,5.750407778,-0.08687015,-1.478407196
194,-0.01674682,0.02900635,0.0625,0.10825318,0.26256012,-0.58425476,-0.421875,0.02706329,-0.26513924,-0.27483978,-0.13671875,-0.07442406,6.181420703,-0.25619857,-1.477953247
195,0.1875,-0.19975953,0.0625,0.32475953,0.02399841,0.16043671,-0.296875,-0.24356964,0.08662857,0.17669777,-0.11328125,0.5480317,3.780354559,-0.284274928,-0.77614202
196,0.0625,-0.10825318,-0.0625,-0.10825318,-0.03012818,0.09344941,-0.203125,-0.02706329,0.47557084,0.05098656,-0.21484375,0.35858864,4.263136921,-0.657532373,-0.934599912
197,-0.20424682,-0.17075318,0.125,0.21650635,0.40094147,0.18219147,0.25,0.10825318,-0.20194816,-0.1324569,0.40625,0.460076,5.872973504,-0.501610143,-1.339646044
198,0.51674682,0.0625,0.3125,0.10825318,0.01256012,0.12163453,0.359375,0.40594941,0.53076424,-0.00069107,0.01953125,-0.07442406,3.301449454,-0.399557476,-0.667539624
199,0.3125,-0.35825318,0.1875,-0.10825318,-0.06975159,0.12081329,0.109375,-0.13531647,0.44768631,-0.42082832,0.08203125,-0.04736076,2.784308423,-0.45803329,-0.606357237
200,-0.27900635,0.35825318,0.0625,-0.10825318,-0.2611377,-0.19168671,-0.203125,-0.40594941,-0.19865784,0.23332832,0.26171875,-0.04736076,7.480973503,-0.417623557,-1.612538405
201,-0.23325318,-0.40400635,-0.1875,0.32475953,0.15430694,0.13000794,-0.078125,-0.08118988,-0.56283547,-0.54378998,-0.08203125,0.5480317,6.56390741,-0.54588104,-1.492428962
202,0.23325318,-0.3125,-0.3125,-0.10825318,0.09569306,-0.01338135,-0.234375,-0.40594941,0.19579826,0.29435089,-0.32421875,0.19620888,5.137533646,-0.583334742,-1.008244665
203,0.01674682,0.0625,-0.1875,0.10825318,0.28543671,0.39451111,0.359375,-0.35182282,0.23542168,0.00390625,-0.05859375,0.49390511,5.145561356,-0.902238756,-0.939300905
204,0.04575318,-0.67075318,-0.625,0.21650635,-0.01143829,0.41768829,0.15625,0.37888611,0.07317207,-0.43576225,-0.765625,0.37888611,6.664713205,-1.26328049,-1.392771489
205,-0.51225953,0.17075318,0,-0.64951905,0.24693512,-0.29881806,-0.3125,-0.05412659,-0.64430581,0.11529946,0.2109375,-0.48713929,13.60493805,-1.235133651,-3.05268098
206,0.07475953,0.0625,0.1875,-0.32475953,0.08343353,0.06975159,-0.546875,-0.35182282,-0.14391533,0.05537857,0.19921875,-0.50743676,4.431287958,-0.36874753,-0.960764403
207,0.26674682,-0.0625,0.6875,-0.32475953,-0.28319306,-0.109375,-0.046875,0.29769623,0.28536156,-0.33203125,0.60546875,-0.18267723,3.47595756,-0.263496468,-0.843532247
208,0.38725953,0.17075318,0.25,0,0.34457123,-0.319451,0.15625,0.16237976,0.35524331,0.41830422,-0.0546875,0.04059494,3.514864726,-0.590251651,-0.691648919
209,-0.0625,-0.14174682,-0.1875,0.10825318,0.00949524,-0.11243988,-0.265625,-0.13531647,-0.31319107,-0.10429191,-0.08203125,0.04736076,5.556393916,-0.59165124,-1.225614599
210,0.0625,0.23325318,0.0625,-0.32475953,0.31750794,0.31444306,-0.234375,-0.18944306,-0.32085328,0.21127297,0.19140625,-0.18267723,4.988952658,-0.475457578,-1.069442786
211,0.02900635,0.44975953,0.0625,0.10825318,-0.046875,0.00194306,0.109375,-0.02706329,0.0486879,0.79649926,-0.46484375,0.25033547,6.050723179,-0.783730786,-1.222850987
212,0.125,0.09150635,-0.375,0.4330127,0.11438294,-0.14563294,0.0625,-0.48713929,0.4451622,0.38823105,-0.234375,0.230038,5.989351702,-0.925257849,-1.14739637
213,-0.01674682,-0.27900635,0.1875,-0.32475953,-0.37081329,0.06975159,-0.171875,0.29769623,-0.25885918,-0.46398225,0.03515625,-0.06089241,4.873049073,-0.593465937,-1.109110949
214,0.34150635,-0.125,0,0.21650635,0.04575318,-0.22487976,-0.125,0.27063294,0.40094147,-0.14384018,0,0.01353165,3.548116247,-0.571710879,-0.751210789
215,-0.07924682,0.17075318,-0.125,0,-0.60907441,-0.19893829,0,-0.37888611,0.0385566,0.05754707,0.3203125,0.32475953,8.020758065,-0.248053573,-2.039299892
216,0.10825318,0.27900635,-0.0625,-0.32475953,0.59344941,-0.00725159,0.515625,0.08118988,0.28633309,-0.27009216,0.06640625,-0.38565194,4.592105415,-0.755202393,-1.046201098
217,0.29575318,0.04575318,-0.25,-0.21650635,0.381951,-0.20506806,0.0625,-0.27063294,0.12939201,0.1949569,0.03125,-0.41948105,5.556817531,-0.694898768,-1.176819635
218,-0.10825318,-0.0625,0.0625,0.10825318,0.44557282,-0.00949524,0.265625,0.13531647,-0.15826821,-0.21944107,0.26171875,-0.19620888,4.96937281,-0.596355017,-1.08364284
219,-0.34150635,-0.5,-0.25,0,0.09150635,0.06862976,-0.3125,-0.21650635,-0.26491379,-0.734375,-0.484375,0.16237976,9.969991194,-0.961877326,-2.153377656
220,0.15400635,0.01674682,-0.0625,0.10825318,-0.05524841,-0.29993988,-0.234375,-0.56832917,0.3218248,-0.12701821,0.27734375,0.25033547,4.394236534,-0.487075683,-0.870937709
221,0.17075318,0.42075318,0.125,0,-0.03655853,0.10518829,0.15625,0,-0.28436989,0.4996444,0.2421875,-0.32475953,4.549173804,-0.183586714,-1.132172033
222,0.01674682,0.40400635,-0.0625,-0.54126588,-0.32506012,0.10100159,-0.703125,-0.24356964,0.31201424,0.21734772,0.18359375,-0.43977853,4.809023518,-0.705907744,-0.990691511
223,-0.10825318,-0.0625,-0.0625,-0.10825318,-0.22293671,0.12387818,-0.109375,-0.08118988,-0.32064797,-0.54756607,-0.02734375,0.03382912,5.045403984,-0.789767932,-1.099099036
224,0.25,-0.125,0.25,0.21650635,-0.41626588,-0.03125,0.4375,0.27063294,-0.1404747,-0.453125,0.0859375,0.460076,4.696315838,-0.155271207,-1.175178884
225,0.04575318,-0.17075318,0.25,0,-0.43219147,-0.21957123,-0.25,0.10825318,0.3510566,-0.40114678,0.2265625,-0.12178482,4.106927354,-0.376593315,-0.953578198
226,0.34150635,-0.375,0,-0.21650635,-0.15625,0.1875,-0.03125,0.10825318,0.28375397,-0.515625,-0.3046875,0.02706329,3.322678224,-0.615643719,-0.799548496
227,-0.23325318,0.0625,0.3125,-0.32475953,0.22906647,-0.015625,0.296875,0.08118988,-0.57999291,0.12109375,0.69921875,-0.30446206,5.336663649,-0.78397971,-1.149795246
228,0.51225953,0.17075318,0.375,0,0.16155853,0.33844147,-0.59375,0.10825318,0.02405342,0.3433944,0.0703125,0,3.028156459,-0.250550607,-0.650737311
229,0,-0.21650635,-0.25,-0.21650635,0.56862976,-0.23100953,0,-0.37888611,0,-0.50067094,-0.390625,-0.17591141,7.620103826,-1.062106469,-1.554863568
230,0,0,0,0,-0.27512024,-0.43525635,-0.15625,0.16237976,-0.43106964,0.08118988,0.234375,-0.08118988,5.228131735,-0.341171408,-1.2810967
231,0.125,-0.21650635,-0.25,0,-0.125,0.25,0.28125,-0.27063294,0.0078125,0.34890823,-0.34375,0.32475953,5.29331858,-0.781337905,-1.089658607
232,0,-0.71650635,-0.125,0,-0.03125,-0.03349365,-0.125,0.05412659,-0.44026429,-0.67591141,-0.0078125,0.40594941,6.543258947,-0.863460845,-2.285804455
233,-0.27900635,-0.14174682,-0.1875,0.32475953,0.04074524,0.43944306,0.234375,0.460076,-0.21413254,-0.40897941,-0.33984375,0.42624688,8.588867822,-0.674300474,-2.101754102
234,0,0,0,0,-0.04799682,-0.04186706,-0.34375,0.05412659,0.19378006,-0.2578125,-0.0703125,0.2029747,4.471230557,-0.481845629,-0.904338974
235,-0.125,0,-0.125,-0.4330127,0.29575318,-0.24162659,-0.5625,-0.27063294,-0.3982872,0.24525238,0.0625,-0.63598741,8.267835354,-0.336897647,-1.896911843
236,-0.27900635,-0.01674682,0.1875,-0.10825318,0.10100159,-0.17493988,0.046875,-0.460076,-0.08147034,-0.12451424,0.43359375,-0.00676582,6.117292689,-0.56775541,-1.424861439
237,0.125,-0.125,0.125,0.21650635,0.37275635,-0.4017627,0.21875,0.05412659,-0.19056488,-0.06096756,-0.0625,0.13531647,4.326712349,-0.517302575,-0.949369902
238,-0.09150635,-0.09150635,-0.375,-0.21650635,0,-0.01674682,-0.15625,-0.16237976,0.15834335,-0.6866385,-0.65625,-0.21650635,6.528300287,-0.950419605,-1.56212104
239,0.34150635,0,0.125,-0.21650635,0.08537659,-0.02900635,-0.03125,-0.05412659,0.52732361,0.23269226,0.03125,0.18944306,3.263187655,-0.457038306,-0.945167027
240,0.09150635,0.09150635,-0.5,-0.4330127,-0.39563294,0.31025635,-0.34375,0.05412659,0.14925873,0.31960129,-0.3359375,-0.55479752,7.075229075,-1.279223491,-1.852740297
241,0.125,-0.25,0.25,-0.21650635,-0.04575318,0.25837341,-0.09375,-0.21650635,0.3279747,-0.44209732,-0.125,-0.58186082,3.421890036,-0.348490317,-0.853864757
242,-0.07924682,0.17075318,0,-0.21650635,0.12806488,0.03207123,0.1875,-0.05412659,0.38383904,0.2027694,-0.1875,-0.25710129,4.612531104,-0.63309755,-1.014920887
243,-0.0625,0.32475953,0.1875,0.54126588,0.34262818,0.25194306,-0.328125,0.02706329,0.08647828,0.37017723,0.43359375,0.52096841,7.848519475,-0.398716709,-1.901098841
244,-0.0625,-0.35825318,-0.1875,0.32475953,-0.01338135,-0.39368988,-0.203125,-0.51420258,0.10072113,-0.56268517,-0.36328125,0.22327217,5.494459299,-0.831974708,-1.072898624
245,0.04575318,-0.07924682,0.125,-0.21650635,0.50082123,-0.10518829,-0.03125,0.05412659,-0.0159806,-0.59089043,-0.296875,-0.13531647,4.568872482,-0.559805764,-1.021372612
246,-0.46650635,-0.125,0.375,-0.21650635,0.17912659,-0.10600953,0.09375,-0.37888611,-0.55229355,0.16084732,0.09375,-0.460076,8.074877141,-0.850121071,-1.825507814
247,-0.09599365,0.10825318,-0.0625,0.10825318,-0.14899841,-0.06444306,0.109375,0.02706329,0.06263016,-0.02754906,-0.28515625,0.65628488,6.020145495,-0.699541149,-1.336339301
248,0.3080127,0.21650635,-0.125,-0.21650635,-0.25612976,-0.24387024,-0.1875,-0.32475953,0.20338532,0.35085129,-0.2421875,-0.09472153,4.049548992,-0.748080114,-0.940154208
249,-0.04575318,-0.07924682,0,0.4330127,0.06556488,-0.35294464,-0.03125,0.16237976,-0.49627892,-0.24101066,0.0703125,0.47360764,5.472291091,-0.518370672,-1.243178664
250,-0.48325318,0.15400635,0.1875,-0.10825318,0.12469941,0.27175476,0.046875,-0.02706329,-0.63621285,0.30007004,0.19921875,-0.33152535,8.409054694,-0.487367798,-1.741132726
251,0.10825318,-0.40400635,-0.1875,0.32475953,-0.52481964,-0.04463135,-0.046875,0.73070893,0.06911553,-0.72332719,-0.17578125,0.06089241,6.427013286,-0.620788925,-1.492978292
252,0.23325318,-0.40400635,-0.1875,0.10825318,-0.57281647,-0.41963135,-0.734375,0.35182282,0.37073815,-0.53919266,0.01171875,0.04736076,5.356045638,-0.74395338,-1.210959307
253,-0.27900635,0.23325318,0.0625,0.10825318,0.30300476,0.12469941,0.109375,0.08118988,-0.04547272,0.69090035,-0.39453125,0.04736076,8.078569375,-0.862511513,-1.730673585
254,-0.23325318,0.4955127,-0.1875,-0.32475953,-0.08343353,0.09262818,-0.078125,-0.24356964,-0.46280541,0.72276627,-0.15234375,-0.58862664,7.629298874,-1.111209894,-1.612678454
255,-0.09599365,0.23325318,0.0625,-0.32475953,0.25725159,-0.41656647,-0.015625,-0.35182282,-0.05915466,0.19120094,-0.34765625,-0.46684182,6.177440388,-0.55080581,-1.352552765
256,0.46650635,0.25,-0.125,0,-0.17075318,0.15625,0,-0.27063294,0.43219147,0.61075714,-0.265625,0.28416459,4.052490794,-0.697549797,-0.979627274
257,-0.10825318,-0.15400635,0.0625,-0.32475953,-0.20006012,0.015625,-0.453125,0.08118988,-0.18798576,0.1075621,0.54296875,-0.06089241,5.756875908,-0.848574296,-1.340221475
258,0.07924682,0.07924682,0,-0.21650635,-0.34457123,-0.28207123,0.125,0.16237976,0.05642525,-0.12770928,-0.046875,-0.09472153,5.442979539,-0.482726966,-1.258263676
259,0.29575318,0.17075318,0,-0.4330127,-0.21344147,0.21568512,-0.03125,-0.05412659,0.4369941,0.18561196,-0.140625,-0.35182282,3.903156684,-0.49561956,-1.497898219
260,-0.0625,0.01674682,0.1875,-0.10825318,0.13838135,0.34569306,-0.265625,0.40594941,0.28653839,-0.00814797,0.01171875,-0.00676582,4.381404415,-0.80886013,-1.206966054
261,-0.23325318,-0.27900635,0.0625,0.10825318,-0.07506012,-0.06975159,0.390625,-0.51420258,0.177519,-0.04715546,-0.04296875,0.00676582,5.435293014,-0.566101574,-1.311405414
262,-0.34150635,0.34150635,0.125,-0.21650635,-0.24775635,-0.25388611,0.0625,-0.10825318,-0.47585129,0.44613373,-0.109375,-0.29769623,7.782546125,-0.536221153,-1.883048514
263,-0.26225953,0.26225953,-0.125,0,0.17994782,0.68607758,-0.40625,-0.4330127,-0.54580819,0.17080819,-0.0546875,0,7.265109894,-1.189461269,-1.657583634
264,0.32475953,-0.02900635,0.0625,-0.10825318,-0.04993988,-0.06362182,0.453125,-0.35182282,0.03745491,0.49665466,0.00390625,-0.00676582,3.477624367,-0.379902603,-0.767549871
265,0.35825318,0.0625,0.0625,0.10825318,0.00643036,0.359375,-0.015625,-0.13531647,0.49405541,0.26171875,-0.06640625,0.20974053,3.300626968,-0.528820145,-0.699625392
266,0.21650635,0.125,0.375,-0.21650635,-0.01674682,-0.01674682,-0.5,-0.4330127,0.19934891,0.1639122,0.375,-0.37888611,3.518380209,-0.189212382,-0.758653209
267,0.4330127,-0.25,0.125,-0.21650635,-0.33537659,0.38112976,0.28125,0.48713929,0.26267014,-0.25459732,0.4765625,-0.33829117,4.305723785,-0.241722082,-1.069717036
268,0.26225953,0.17075318,-0.25,0.21650635,0.10518829,0.12806488,-0.125,0.05412659,0.14277337,-0.42667763,-0.3671875,0.29769623,4.589053604,-0.767033932,-0.920801572
269,0.26225953,-0.17075318,0.25,0.21650635,-0.16544464,0.19893829,0.28125,0.21650635,0.34743081,-0.33711434,0.5078125,-0.10825318,3.585328262,-0.210669293,-0.793275253
270,-0.14174682,-0.27900635,-0.0625,-0.10825318,0.06444306,0.27399841,0.328125,0.460076,0.14096047,-0.40163254,-0.19140625,0.23680382,5.954680054,-0.88926932,-1.13833604
271,-0.07924682,0.04575318,0.375,0.21650635,0.26756806,0.29268829,0.25,0,-0.43938804,-0.09089043,0.5859375,0.17591141,4.418857428,-0.520569687,-0.828156123
272,-0.0625,0.23325318,-0.0625,-0.32475953,-0.43024841,0.14368988,-0.328125,0.13531647,-0.10853363,0.24267326,0.48828125,-0.22327217,7.409595127,-0.452449981,-1.885662464
273,-0.44975953,-0.4955127,0.0625,0.10825318,0.26868988,-0.38000794,-0.421875,0.24356964,-0.71071206,-0.33857163,0.28515625,0.25033547,9.775338528,-1.32383883,-3.494106887
274,0.21650635,-0.09150635,0.125,0.4330127,-0.70588929,-0.20200318,-0.4375,0.05412659,0.17131409,0.11774841,0.2890625,0.59539247,6.400932752,-0.408161064,-1.583985486
275,-0.79575318,-0.04575318,0.375,0,0.11969147,-0.15931488,-0.34375,0.21650635,-0.8746444,-0.01373696,0.609375,-0.04059494,18.88795312,-0.677204531,-4.538772312
276,0.34150635,-0.125,-0.125,0,0.17912659,0.52287659,-0.25,-0.16237976,0.03390427,0.02650238,-0.5703125,0.24356964,4.485095051,-0.433706234,-1.042763644
277,-0.29575318,0.42075318,0.25,0,0.16155853,-0.18219147,0.09375,0.37888611,-0.73540154,0.1246444,0.484375,0,9.47829115,-0.350657532,-2.333513383
278,0.60825318,-0.0625,0.0625,-0.10825318,0.10631012,0.03461547,0.203125,-0.24356964,0.43017326,-0.38350357,-0.37109375,-0.16914559,3.075967846,-0.463640378,-1.03630198
279,0.25,0.4330127,-0.125,-0.21650635,-0.15625,0.16237976,0,-0.10825318,0.625,0.27063294,0.3671875,-0.01353165,4.295908198,-0.736987056,-0.793310649
280,-0.35825318,-0.0625,0.1875,-0.54126588,0.28932282,-0.00112182,0.078125,-0.08118988,-0.32707832,-0.01018631,0.50390625,-0.56156335,7.583077527,-1.192322409,-1.62201276
281,-0.09150635,0.21650635,-0.25,0.21650635,0.45813294,0.52900635,0.09375,-0.32475953,-0.05550873,-0.12877609,0.1953125,0.21650635,6.206213437,-0.654926556,-1.393163795
282,0.09599365,0.01674682,0.3125,0.10825318,0.03012818,0.02706329,-0.046875,0.24356964,0.06252014,-0.16301582,0.69921875,0.37212029,3.553237433,-0.267914489,-0.852965029
283,0.46650635,0.34150635,0.25,0.21650635,0.40400635,-0.07087341,-0.15625,-0.10825318,0.27272629,0.04309891,0.53125,-0.06765823,4.088651825,-0.22373996,-0.957297007
284,0.51225953,-0.54575318,0.25,-0.4330127,-0.13030853,0.00306488,0.21875,-0.05412659,0.49908348,-0.44970451,0.3671875,-0.230038,4.588363485,-1.169683441,-1.437316769
285,-0.01674682,-0.0625,0.3125,-0.32475953,0.51420258,-0.45925476,-0.296875,0.35182282,-0.39152138,-0.13028839,0.23046875,-0.30446206,4.085668544,-0.754699464,-0.845114416
286,-0.01674682,0.1875,-0.5625,-0.10825318,-0.01868988,0.33425476,-0.234375,-0.18944306,-0.31201424,0.58801072,-0.55078125,-0.33152535,6.676840997,-1.103033442,-1.303674888
287,-0.25,0.25,-0.125,0.21650635,-0.11662659,-0.23100953,0.5625,0,-0.25459732,0.63879197,-0.0078125,-0.230038,9.298256615,-0.119966873,-2.381614648
288,-0.34150635,-0.25,-0.125,0.21650635,0.39787659,-0.4955127,0.21875,0.37888611,-0.06193909,0.15763214,-0.03125,-0.18944306,9.163247542,-1.722562504,-1.974596293
289,0.38725953,-0.32924682,0.25,-0.4330127,0.19280853,-0.17381806,0.375,0.32475953,0.40839837,0.03549172,0.34375,-0.51420258,3.50741759,-0.160119174,-0.871306216
290,-0.17075318,-0.51225953,-0.125,0,-0.19056488,-0.16768829,0.28125,0.54126588,-0.18561196,-0.53171563,-0.2890625,0,8.019423369,-0.416992031,-1.984061487
291,0.09150635,0.25,0,0,-0.05637024,0.23325318,0.25,0,-0.17718353,-0.0701622,0.28125,0.32475953,4.952803197,-0.217438392,-1.234659988
292,-0.07924682,0.29575318,0.375,-0.21650635,-0.30943512,-0.38643829,0.40625,-0.27063294,0.23233666,0.18254707,0.234375,-0.21650635,4.520126056,-0.202068515,-1.10946182
293,0.03349365,-0.125,-0.125,0.21650635,0.01674682,0.07475953,0.3125,0.32475953,-0.07113373,-0.53722947,0.0390625,0.09472153,5.073420335,-0.324335705,-1.228629762
294,0,-0.375,-0.375,0,-0.18525635,0.05188294,-0.1875,0.59539247,0.26868988,-0.47962738,-0.4453125,-0.24356964,6.205099326,-1.135694938,-1.417324299
295,-0.04575318,-0.35376588,-0.25,-0.4330127,-0.16768829,0.05719147,0.40625,-0.16237976,-0.12004707,-0.5029696,-0.0859375,-0.31122788,7.177796637,-0.928969552,-1.593385262
296,0.23325318,0.09599365,-0.0625,-0.10825318,-0.30606964,-0.43637818,0.359375,-0.24356964,-0.13692406,0.39983978,-0.16796875,-0.04736076,5.070498481,-0.255974313,-1.234396087
297,0.54575318,-0.07924682,0.125,-0.21650635,0.02818512,0.23018829,-0.15625,0.16237976,0.61376701,-0.0472306,0.0078125,0.06765823,3.101768358,-0.452072314,-0.739919589
298,-0.27900635,-0.01674682,0.1875,0.32475953,-0.40512818,-0.24356964,-0.078125,0.51420258,-0.19406052,-0.29777138,0.22265625,-0.02029747,6.320846184,-0.526903088,-1.334968162
299,-0.27900635,0.10825318,0.1875,0.10825318,-0.03012818,0.25418671,-0.328125,0.02706329,-0.47654236,-0.14473656,0.31640625,0.04736076,6.191804161,-1.012113993,-1.206919636
300,-0.34150635,0.03349365,0,0.21650635,0.18525635,0.21037659,0.09375,-0.21650635,-0.38210129,0.24274841,-0.1171875,0.29769623,7.979259277,-0.846935588,-1.82048289
301,0.01674682,-0.3125,-0.1875,-0.10825318,0.02481964,0.015625,-0.203125,-0.40594941,0.36348656,-0.39453125,0.31640625,-0.16914559,4.990954079,-0.451606401,-1.052345953
302,0.125,0.21650635,-0.25,-0.4330127,-0.25,0.5580127,0.03125,-0.05412659,0.265625,0.00725159,-0.0859375,-0.55479752,5.18570941,-0.846085126,-1.546615032
303,0.65400635,0.10825318,0.3125,-0.10825318,0.35100159,-0.09793671,0.390625,0.18944306,0.43763016,0.12227059,0.16015625,-0.41271523,2.838676997,-0.418895471,-0.957916729
304,-0.07475953,-0.1875,0.4375,0.32475953,0.20618988,-0.265625,0.390625,-0.08118988,-0.22940194,0.01171875,0.14453125,0.38565194,4.207963073,-0.549937746,-0.949988238
305,0.125,-0.25,-0.625,-0.4330127,0.125,-0.30412659,-0.125,0.37888611,0.1484375,-0.45925476,-0.6484375,-0.51420258,6.743608107,-1.14383121,-1.947391926
306,-0.17075318,-0.20424682,-0.625,0.21650635,-0.04268829,-0.60907441,-0.03125,0.27063294,-0.19817207,-0.31913566,-0.7421875,-0.06765823,8.993233783,-1.598930567,-2.236449488
307,-0.10825318,0.27900635,-0.1875,-0.32475953,0.06668671,0.31137818,-0.328125,0.18944306,-0.13651344,0.57948701,-0.31640625,-0.46684182,5.222725543,-0.812144769,-1.080407034
308,-0.57475953,0.40400635,0.0625,-0.75777223,-0.05831329,0.4486377,-0.296875,-0.18944306,-0.53898735,0.31569504,0.05078125,-0.61568994,10.71600744,-2.047421863,-2.786087902
309,0.67075318,0.17075318,0.125,0,0.21344147,-0.05330536,0.40625,0.10825318,0.5855819,0.14041969,0.03125,-0.2029747,2.918271571,-0.306700351,-1.134816451
310,-0.20424682,0.29575318,0.125,0,0.39256806,0.02205536,-0.09375,0.21650635,-0.14419578,0.46211434,0.2421875,0.16237976,7.751185737,-0.335424099,-1.848715136
311,0.0625,-0.10825318,0.1875,0.75777223,-0.32588135,-0.36856964,0.171875,-0.02706329,-0.03040863,0.02754906,0.01171875,0.85925958,5.702375504,-0.292048531,-1.397136066
312,-0.09150635,0.125,0.125,0.4330127,-0.50612976,-0.18525635,-0.21875,0,-0.17729355,-0.26087738,0.4296875,0.51420258,6.146562221,-0.340142363,-1.523801935
313,-0.0625,0.05024047,-0.1875,-0.10825318,0.55913453,0.05831329,0.015625,-0.02706329,0.04756607,-0.05752694,-0.10546875,0.23680382,7.390224923,-0.74981005,-1.603394661
314,-0.10825318,-0.1875,-0.0625,0.10825318,-0.47906647,0.05300476,-0.359375,-0.13531647,0.13385918,-0.04939911,-0.09765625,-0.15561394,5.595789858,-0.97425489,-1.316197346
315,-0.1875,-0.01674682,-0.0625,0.32475953,0.16350159,0.37694306,-0.515625,0.18944306,-0.13350357,-0.04960441,0.01953125,0.46684182,6.866411095,-0.378521536,-1.531178983
316,0.21650635,-0.25,-0.375,0,0.44975953,0.26450318,0.4375,0.05412659,0.28513611,-0.35462738,-0.234375,0.2029747,5.560795668,-0.856574296,-1.243103406
317,-0.3125,-0.01674682,-0.1875,-0.10825318,-0.046875,-0.25807282,0.234375,0.35182282,-0.48828125,0.19564797,-0.43359375,-0.25033547,8.850287346,-0.908074615,-2.006031914
318,0.0625,0.19975953,0.0625,-0.10825318,-0.69250794,-0.06055694,-0.515625,-0.18944306,0.19140625,0.20917962,0.28515625,-0.00676582,6.701142798,-0.826827582,-1.488057886
319,0.29575318,0.29575318,-0.375,0,0.17606171,-0.72794464,0.34375,-0.32475953,0.32317207,0.19050987,-0.515625,-0.2029747,4.890966928,-0.744985972,-1.642874611
320,-0.125,-0.21650635,0.375,-0.21650635,-0.21875,-0.16237976,-0.34375,0.05412659,0.48100953,-0.32281647,0.515625,-0.29769623,3.97795421,-0.589271862,-0.933360337
321,-0.48325318,-0.27900635,-0.1875,0.10825318,0.15819306,-0.04074524,-0.171875,0.02706329,-0.67221047,-0.09234772,0.19921875,-0.115019,11.69376643,-1.155365315,-2.578546355
322,-0.4330127,-0.375,-0.125,0,0.41850953,-0.38112976,-0.5625,-0.27063294,-0.39241776,-0.65625,-0.265625,0.28416459,13.55472102,-0.755439905,-3.157320999
323,0.14174682,0.40400635,-0.0625,0.10825318,-0.03543671,0.19475159,-0.109375,-0.24356964,-0.16439797,0.62834534,-0.40234375,0.04736076,5.130167033,-0.760543102,-1.041648649
324,0.40400635,-0.23325318,0.1875,-0.32475953,-0.38449524,0.18331329,0.078125,-0.13531647,0.19391022,-0.17864082,0.50390625,-0.14208229,3.520021013,-0.568811444,-0.766534063
325,0.04575318,0.04575318,0.25,-0.21650635,0.24469147,0.05719147,-0.5625,0.48713929,-0.29386513,0.28242684,0.0859375,0.02706329,4.043237799,-0.320759515,-0.876009154
326,0.38725953,0.63725953,-0.25,0.21650635,-0.04044464,0.18832123,-0.25,0.27063294,0.51930581,0.70987069,-0.25,0.58186082,4.848736439,-0.706300809,-1.092196778
327,0.40400635,-0.07475953,0.1875,0.10825318,0.13449524,-0.54769623,-0.265625,-0.40594941,0.49231766,-0.05446206,0.22265625,-0.115019,3.647069653,-0.273463811,-0.753826549
328,-0.13725953,0.29575318,0,-0.21650635,0.36969147,-0.09681488,0.125,-0.16237976,-0.45344033,0.23570213,0.421875,-0.41948105,6.868694025,-0.490123468,-1.635203676
329,-0.01674682,0.4955127,-0.1875,-0.10825318,0.17493988,-0.29463135,0.109375,-0.08118988,0.00186791,0.44779633,-0.17578125,-0.69687982,6.885638798,-0.666346176,-1.555280573
330,-0.0625,0.26674682,-0.4375,-0.32475953,0.28012818,0.00418671,-0.109375,-0.18944306,-0.04450119,0.40591453,-0.75390625,-0.06089241,7.782710061,-1.280223628,-1.484844223
331,-0.0625,-0.23325318,-0.0625,-0.10825318,0.00725159,-0.14368988,0.046875,-0.13531647,-0.46469345,-0.34393517,-0.14453125,0.23680382,4.781617192,-0.607464232,-1.042318025
332,-0.21650635,-0.03349365,0,0.4330127,-0.44751588,-0.37275635,0.3125,0.64951905,-0.41488373,-0.02261627,0.140625,0.10825318,7.769411873,-0.341230074,-1.973219144
333,-0.07924682,-0.04575318,-0.125,0.21650635,0.15094147,-0.27369782,-0.15625,0.05412659,0.29008904,0.0862931,0.2265625,0.6630507,6.087573126,-0.539422074,-1.21727122
334,-0.01674682,0.52900635,0.1875,-0.10825318,0.27706329,-0.21762818,0.390625,0.13531647,0.35971047,0.50472748,0.22265625,-0.04736076,6.558422507,-0.558658541,-1.499158427
335,-0.10825318,0.1875,-0.1875,0.10825318,0.62469941,-0.17800476,-0.265625,0.18944306,-0.14402535,0.02427887,-0.01171875,-0.23680382,10.08330495,-0.424347731,-2.345946925
336,0.1875,-0.01674682,0.0625,-0.54126588,0.29463135,-0.58731964,-0.390625,0.13531647,0.00252411,-0.22286156,-0.04296875,-0.43977853,4.126981713,-0.622471763,-1.404175967
337,0.29575318,-0.01225953,-0.125,0.21650635,0.31556488,0.29044464,0.375,0,0.22314201,0.01975669,-0.1484375,0.25710129,3.9620915,-0.745262903,-0.841374315
338,-0.10825318,-0.4375,-0.5625,0.10825318,-0.08118988,-0.09487182,0.015625,-0.13531647,-0.09423576,-0.83509613,-0.80859375,0.20974053,7.931432151,-1.206628405,-1.803498392
339,0.125,-0.34150635,0.125,0,0.04575318,-0.21875,-0.375,-0.59539247,0.01409256,-0.41978165,0.078125,0.2029747,3.940526532,-0.321261088,-0.893654032
340,0.07924682,0.01225953,-0.5,0.21650635,-0.29268829,0.21957123,0,-0.05412659,0.09870293,-0.02435402,-0.59375,-0.31122788,7.674938048,-0.94387395,-1.729793924
341,-0.17075318,-0.17075318,-0.125,0,-0.04268829,-0.48018829,0.40625,0.21650635,-0.15129707,0.07051781,-0.4765625,-0.16237976,6.919680931,-0.548960806,-1.713487697
342,-0.27900635,-0.10825318,-0.1875,0.10825318,0.04463135,-0.48743988,-0.296875,0.02706329,-0.27356766,-0.13483071,-0.57421875,0.16914559,8.187074147,-0.909054334,-1.708538146
343,0.01674682,0.0625,-0.3125,-0.10825318,0.37694306,-0.39675476,0.140625,-0.18944306,0.15591453,0.23200119,0.19140625,-0.29093041,7.264078531,-0.766120925,-1.624993647
344,-0.125,-0.125,-0.125,0.21650635,-0.0625,0.46037659,0.25,-0.21650635,0.1717247,0.00934494,-0.0078125,0.25710129,6.510719495,-0.710958472,-1.305144534
345,0.01674682,-0.0625,-0.1875,0.32475953,0.49356964,0.75276429,0.078125,0.08118988,0.02448418,-0.01018631,-0.22265625,0.79160135,6.760300837,-0.51645884,-1.510759741
346,0.0625,0.57475953,-0.0625,0.32475953,0.02175476,0.16656647,-0.390625,-0.13531647,-0.24594345,0.74655938,-0.21484375,-0.26386712,8.286890223,-0.69776621,-2.001310229
347,0.17075318,-0.01225953,-0.125,0,-0.64256806,-0.18219147,-0.25,0.05412659,0.13705422,-0.09743081,0.203125,0.44654435,6.997558947,-0.637186401,-1.624166315
348,-0.38725953,-0.17075318,0.25,0.4330127,-0.05943512,0.03431488,0.28125,-0.05412659,-0.75368081,-0.41202416,0.296875,0.51420258,7.50068699,-0.179183439,-1.909173171
349,0.21650635,0.21650635,0,0,-0.21037659,0.20424682,-0.40625,0.37888611,0.49607361,0.21818909,0,-0.16237976,4.110743261,-0.655991834,-1.023747497
350,-0.0625,0.35825318,0.1875,-0.10825318,-0.44026429,-0.23743988,0.140625,-0.62245576,0.17563095,0.36767326,0.43359375,-0.08795571,5.270009767,-0.179467272,-1.309925504
351,0.10825318,-0.3125,0.1875,0.10825318,0.38920258,0.12387818,0.015625,-0.460076,0.29261315,-0.37737381,0.43359375,-0.07442406,3.998796043,-0.265625141,-0.906072935
352,0.34150635,-0.125,-0.125,0,-0.18525635,0.41626588,-0.25,0.48713929,0.53528641,0.11397232,-0.3125,0.2029747,3.850354921,-0.625191188,-1.136536756
353,-0.23325318,0.27900635,-0.3125,0.10825318,0.26256012,0.06750794,0.015625,0.08118988,-0.12548576,0.06891022,-0.53515625,0.33152535,8.376893789,-0.925727488,-1.57667068
354,0.0625,-0.35825318,-0.5625,-0.10825318,-0.265625,-0.43944306,-0.484375,0.35182282,0.16796875,-0.39111076,-0.24609375,-0.04736076,6.856634786,-1.172022586,-1.488519166
355,0.21650635,0.09150635,0.25,0.21650635,0.19138611,0.02287659,-0.0625,-0.81189882,-0.09737579,0.16013611,0.0625,0.01353165,4.098932146,-0.406422624,-0.955440639
356,0.01674682,0.0625,0.4375,-0.54126588,0.37918671,-0.20088135,-0.140625,0.08118988,0.07304191,-0.14591339,0.30859375,-0.68334817,3.841394356,-0.646103545,-1.012208973
357,0,-0.25,0.125,-0.21650635,0.35600953,0.22487976,0.0625,-0.10825318,-0.24356964,0.18106964,0.0546875,-0.50067094,4.777851442,-0.647432247,-1.02965409
358,-0.3125,-0.23325318,-0.0625,0.32475953,-0.28850159,-0.43944306,0.171875,0.08118988,-0.16643631,-0.23471047,-0.63671875,0.30446206,8.053962029,-0.617130186,-1.90875815
359,0,0.25,0,0,-0.14563294,0.26450318,-0.53125,0.05412659,-0.2578125,0.30315506,0.0703125,0.2029747,5.113603678,-0.862095867,-1.120933095
360,-0.52900635,-0.14174682,0.4375,0.10825318,-0.34875794,-0.03543671,-0.015625,0.24356964,-0.59847748,-0.21979668,0.70703125,0.29093041,9.724989883,-0.34227889,-2.499625493
361,0.125,0.03349365,-0.125,-0.21650635,-0.17075318,0.5580127,-0.1875,-0.4330127,-0.13909256,0.00377609,-0.5,-0.13531647,4.337666385,-0.765237883,-0.833786818
362,-0.05024047,0.15400635,0.1875,-0.10825318,0.44781647,-0.21762818,-0.328125,0.29769623,-0.23291771,0.08285248,-0.17578125,-0.16914559,5.523036208,-0.290132022,-1.248206827
363,0.02900635,0.07475953,-0.3125,-0.32475953,-0.07588135,0.22069306,-0.296875,0.40594941,0.09388016,0.47297158,-0.32421875,-0.30446206,5.800932171,-0.936719695,-1.819604901
364,0.34150635,0,-0.25,0,0.33537659,0.17075318,0.0625,0.4330127,0.17912659,0.2264122,-0.4375,-0.16237976,4.461707553,-0.752132609,-0.995334676
365,0.60376588,-0.29575318,0.25,0,0.13643829,0.29268829,0.21875,0.27063294,0.8153193,-0.34660957,0.4375,-0.48713929,2.500503577,-0.39125612,-0.593601317
366,0.40400635,0.35825318,0.0625,0.32475953,-0.30076111,-0.12305694,-0.140625,0.02706329,0.32825516,0.54721047,-0.08984375,0.66981652,4.487012427,-0.694684933,-0.87742791
367,-0.15400635,0.35825318,0.0625,-0.32475953,-0.13838135,0.18331329,0.296875,-0.460076,-0.53107957,0.20989082,0.28515625,-0.18267723,5.799073095,-0.435168379,-1.356562807
368,-0.04575318,0.17075318,0,-0.4330127,-0.14481171,-0.00530853,-0.46875,-0.37888611,-0.1715194,0.38398934,0.0234375,-0.55479752,5.333328122,-0.643666033,-1.099572053
369,0,0,-0.25,0,0.37888611,-0.18525635,0.09375,0.59539247,-0.09375,0.01256012,-0.015625,0.08118988,5.825997193,-0.969550314,-1.150316742
370,0.21650635,0.125,0.25,-0.4330127,0.29963929,0.10600953,-0.0625,0.10825318,-0.17856568,0.24678482,0.0625,-0.75777223,3.606394694,-0.630571007,-0.825031304
371,-0.04575318,0.07924682,0,0,0.15318512,-0.12806488,-0.5625,-0.10825318,0.23611275,0.15354072,-0.046875,-0.08118988,5.915180856,-0.241447302,-1.268633805
372,-0.375,0.09150635,-0.375,0,0.25,0.03125,-0.3125,0.27063294,-0.4921875,0.00571915,-0.0703125,0.24356964,12.9067867,-0.911549348,-2.88271097
373,0.48325318,0.40400635,0.0625,-0.10825318,0.10631012,0.12612182,-0.140625,0.35182282,0.37548576,0.42660248,0.14453125,-0.25033547,3.050034613,-0.510797063,-0.761775502
374,0.125,-0.03349365,0.25,0,0.21262024,-0.48100953,0.3125,0.21650635,0.05009018,0.24607361,0.15625,0,3.493198799,-0.575798721,-0.742028436
375,0.1875,0.35825318,0.0625,0.10825318,-0.20925476,0.02093353,0.015625,-0.40594941,0.57421875,0.45346047,0.19140625,0.25033547,4.668100643,-0.480502222,-0.967226459
376,-0.09150635,-0.21650635,-0.375,0,0,-0.68525635,-0.03125,0.10825318,-0.39910844,-0.02609177,-0.0234375,0.08118988,6.17602008,-0.445833013,-1.459205174
377,0.23325318,0.0625,0.3125,0.32475953,0.07057282,0.515625,-0.234375,-0.02706329,-0.0134565,0.16796875,0.08984375,0.38565194,3.524451398,-0.545670611,-0.689889295
378,0.15400635,-0.14174682,-0.3125,-0.32475953,-0.49050476,0.10631012,-0.140625,-0.18944306,0.03766022,0.27990273,-0.37109375,-0.06089241,7.022565434,-1.18186241,-1.456222339
379,0.23325318,0.1875,-0.0625,0.32475953,-0.01031647,-0.45925476,0.359375,-0.35182282,0.43645332,0.30216339,-0.09765625,0.26386712,4.244466942,-0.454608092,-0.899759171
380,-0.1875,-0.10825318,-0.0625,0.32475953,-0.109375,-0.33956329,-0.265625,0.29769623,0.01171875,0.10582435,-0.35546875,0.38565194,6.321456285,-0.951676911,-1.246262986
381,-0.125,0.25,-0.375,-0.4330127,-0.13112976,-0.5892627,0.25,0.16237976,-0.38740982,0.23284256,-0.4453125,-0.18944306,7.350641299,-0.775951366,-1.664135573
382,-0.52900635,-0.23325318,0.3125,-0.10825318,0.52175476,-0.18331329,-0.359375,-0.24356964,-0.37374802,-0.10832832,0.62890625,-0.41271523,12.24766997,-0.409995866,-2.932186799
383,-0.375,-0.125,0,0,-0.02512024,-0.05412659,-0.1875,0.21650635,-0.57169464,-0.12959732,-0.1171875,-0.12178482,6.907783268,-1.077264832,-1.170361106
384,-0.42075318,-0.04575318,0.25,0,-0.32393829,-0.23631806,-0.09375,0.16237976,-0.49504707,-0.19955422,0.4375,0.24356964,7.75642812,-0.558432703,-1.870657452
385,0.52900635,-0.23325318,-0.1875,-0.32475953,0.03850159,-0.37918671,0.046875,-0.02706329,0.44529236,-0.16608071,-0.26953125,-0.46684182,3.943851491,-0.596390825,-1.087968236
386,-0.20424682,0.07924682,0.125,0.21650635,-0.13030853,-0.15094147,-0.21875,0.27063294,0.0621444,-0.12142922,0.359375,0.37888611,5.766091832,-0.295613667,-1.247458569
387,-0.46650635,-0.21650635,-0.25,0,-0.11662659,0.45813294,0.0625,-0.4330127,-0.60544861,-0.30857361,-0.0625,0.16237976,10.92995477,-0.959238917,-2.471149984
388,0.2455127,-0.35825318,0.4375,-0.10825318,-0.31750794,-0.29156647,-0.171875,0.02706329,0.55395616,-0.26136315,0.35546875,-0.00676582,3.808589336,-0.28873269,-1.426838162
389,-0.17075318,-0.04575318,0,0,-0.01981171,-0.71732758,0,0.75777223,-0.52461434,-0.0308944,-0.3046875,0.04059494,5.815735565,-0.439087699,-1.378030562
390,0.125,0.25,-0.125,0,0.19362976,-0.4017627,-0.1875,0.37888611,-0.37638214,0.21568512,-0.1953125,-0.08118988,5.440649554,-0.467425973,-1.215191573
391,0.125,0.25,0.5,0.21650635,-0.04799682,-0.125,0.125,0.16237976,0.38909256,0.1328125,0.8515625,-0.02706329,4.066018187,-0.382159687,-0.814104095
392,-0.20424682,-0.20424682,-0.125,-0.4330127,0.01143829,0.39869782,-0.21875,-0.21650635,-0.29401543,-0.19107078,-0.4765625,-0.35182282,7.452843799,-0.752797086,-1.772440889
393,-0.0625,-0.23325318,-0.1875,0.10825318,-0.328125,-0.13307282,0.203125,0.460076,-0.33203125,-0.45820809,-0.33984375,0.16914559,6.722009823,-0.551563829,-1.578184596
394,0.46650635,0.3080127,-0.375,0.21650635,0.06025635,-0.77063294,0.21875,-0.48713929,0.35559891,0.06904038,-0.515625,0.13531647,4.64774812,-0.606243946,-1.683082244
395,0.01225953,-0.51225953,0.25,-0.21650635,-0.06780853,0.27369782,0.53125,-0.21650635,0.02711831,-0.56143319,0.15625,-0.17591141,5.602288684,-0.617908743,-2.052146158
396,0.01674682,-0.71201905,-0.1875,0.10825318,0.16043671,0.20088135,0.359375,0.08118988,0.28229668,-0.61283036,-0.05859375,0.00676582,6.453326915,-0.870620296,-2.311403917
397,-0.0625,-0.23325318,-0.1875,-0.32475953,0.09875794,-0.30218353,0.140625,-0.18944306,-0.02734375,-0.19579826,-0.41015625,-0.06089241,5.590759255,-0.811371769,-1.277454087
398,-0.20424682,-0.17075318,0.125,-0.21650635,-0.11356171,0.09905853,0.46875,0.05412659,-0.57526543,-0.29192207,0.2421875,-0.09472153,5.949277972,-0.388656167,-1.435134017
399,-0.0625,-0.14174682,0.1875,-0.10825318,0.08425476,0.22906647,-0.484375,-0.40594941,-0.43957322,-0.37926185,-0.08203125,0.15561394,4.938928153,-0.262802864,-1.107149927
400,-0.42075318,0.17075318,-0.125,0,0.15094147,-0.27594147,0.03125,0.54126588,-0.5699569,0.4057441,0.15625,-0.2029747,11.16637248,-0.90899774,-2.482225417
401,-0.6205127,-0.19975953,0.1875,-0.10825318,0.13225159,-0.33118988,-0.109375,0.35182282,-0.68370377,-0.27321206,0.15234375,0.15561394,11.20207141,-0.611562356,-2.710706802
402,-0.17075318,0.20424682,0.375,-0.21650635,0.18443512,0.18219147,0.28125,0.05412659,-0.28395928,0.1019181,0.4921875,-0.33829117,4.506587216,-0.513567133,-0.841331736
403,-0.125,0,0.25,0.21650635,0,-0.16237976,-0.28125,0,-0.1484375,-0.16237976,0.390625,0.25710129,4.888949527,-0.270229395,-1.154323254
404,0,0.09150635,-0.375,0.21650635,0.03125,-0.04799682,-0.125,-0.10825318,0.1640625,0.3116385,-0.5625,0.54126588,6.170651938,-1.063304677,-1.173487943
405,-0.125,0.25,-0.125,0,0.19975953,-0.08762024,-0.0625,-0.27063294,-0.18903244,0.56388214,-0.3125,-0.44654435,7.101984345,-0.62546046,-1.562039868
406,0.38725953,0.17075318,0.125,-0.21650635,0.35518829,0.02818512,-0.125,-0.10825318,0.27237069,-0.11279549,0.5703125,-0.33829117,3.90847501,-0.489288074,-0.80809829
407,-0.10825318,0.27900635,0.0625,0.10825318,0.23743988,-0.32588135,0.171875,0.62245576,-0.34408547,0.34219742,0.09765625,0.08795571,6.9909279,-0.437749516,-1.592553358
408,0.15400635,-0.23325318,0.0625,0.32475953,-0.39675476,0.10406647,-0.140625,0.02706329,0.37038254,0.28214638,0.21484375,0.5480317,4.990582825,-0.635915977,-1.010639441
409,-0.27900635,0.23325318,-0.3125,0.32475953,-0.06750794,0.11243988,0.328125,-0.08118988,-0.41878998,0.17236076,-0.16015625,0.10148735,13.19314629,-0.361070045,-3.383542512
410,0.04575318,-0.20424682,-0.25,-0.64951905,-0.00530853,0.22794464,-0.125,-0.05412659,-0.17836037,-0.16763328,-0.4609375,-0.48713929,6.353463501,-1.015456476,-1.662914051
411,0.04575318,0.13725953,-0.25,-0.64951905,-0.11969147,0.19893829,-0.0625,-0.05412659,-0.2034806,0.45972039,-0.3671875,-0.81189882,5.115134283,-0.629323549,-1.826611362
412,0.14174682,0.0625,0.0625,0.32475953,0.69557282,-0.06975159,-0.109375,-0.13531647,-0.07524529,-0.16935089,0.16796875,-0.26386712,6.214990133,-0.285504443,-1.4525115
413,0.02900635,-0.01674682,0.3125,-0.10825318,0.01786865,0.06444306,-0.421875,0.08118988,0.58270219,0.05502297,0.16015625,-0.00676582,3.872201672,-0.42648201,-0.865566363
414,-0.0625,0.05024047,-0.1875,0.32475953,-0.04911865,-0.28319306,-0.109375,0.40594941,0.07728363,0.18144538,-0.24609375,0.345057,6.180045471,-1.033140816,-1.188027989
415,-0.04575318,0.04575318,0,-0.21650635,-0.28207123,0.41768829,0.15625,0.10825318,-0.20583428,0.12004707,0.3984375,-0.70364564,6.150333359,-0.42877448,-1.499379101
416,-0.0625,-0.23325318,-0.3125,-0.10825318,0.05524841,0.14368988,-0.359375,0.460076,0.18819107,-0.04429588,-0.06640625,-0.00676582,5.846779455,-0.68996907,-1.46625756
417,-0.01225953,0.07924682,0.125,-0.4330127,-0.13030853,-0.09681488,-0.8125,0.05412659,0.22901146,0.17529549,-0.0390625,-0.18944306,4.564158803,-0.588899428,-0.972741257
418,0.125,0.09150635,0,0.21650635,0.07087341,0.09150635,0.0625,0.16237976,0.28569703,-0.40359573,0.28125,-0.230038,4.240018207,-0.712058048,-0.918686267
419,0.25,-0.125,-0.375,0,-0.31025635,-0.13112976,-0.375,0.05412659,0.37638214,-0.24846756,-0.421875,-0.2029747,4.576265012,-0.858019642,-0.97883151
420,0.40400635,0.10825318,0.3125,-0.10825318,-0.13838135,0.04993988,-0.484375,-0.02706329,0.72669266,0.17542565,0.23046875,0.19620888,3.010145943,-0.382735388,-0.5988127
421,0.21650635,0.125,-0.125,0.21650635,0.03349365,-0.5625,-0.5,-0.21650635,0.16335129,-0.2265625,-0.1484375,0.25710129,5.591311564,-0.287998475,-1.186852868
422,0.02900635,-0.01674682,0.1875,-0.32475953,0.32588135,0.25194306,-0.265625,-0.18944306,0.01560486,-0.09019935,0.48046875,-0.42624688,4.455424349,-0.371485707,-0.961944361
423,0.1875,-0.14174682,-0.1875,0.10825318,0.30076111,-0.11243988,-0.078125,-0.02706329,0.10546875,-0.11516929,-0.01171875,0.57509499,5.028679019,-0.648786393,-1.050514079
424,-0.35825318,0.15400635,0.0625,-0.10825318,-0.14368988,0.58201111,-0.203125,-0.08118988,-0.041231,0.12344742,0.02734375,-0.20974053,8.366414727,-1.133494166,-1.655002302
425,0.0625,-0.01674682,0.3125,0.10825318,0.359375,0.40819306,-0.078125,-0.13531647,-0.25850357,0.12533547,0.13671875,0.12855065,4.212046105,-0.318402336,-0.940917517
426,-0.35825318,0.27900635,-0.0625,-0.10825318,0.12694306,0.22824524,0.171875,0.29769623,-0.30364082,0.44850754,-0.37890625,-0.25033547,9.720048571,-0.990055132,-2.119389889
427,-0.125,0.125,-0.25,0,-0.31025635,0.06025635,0.5,-0.10825318,-0.41712738,0.25474762,-0.015625,0,9.228110205,-0.170301199,-2.378121917
428,-0.17075318,-0.85376588,-0.5,0.21650635,0.11356171,0.04493194,0.15625,-0.21650635,-0.15129707,-0.90293954,-0.640625,0.25710129,10.54405167,-1.242949785,-3.827653634
429,-0.26225953,-0.07924682,0,0.64951905,0.01981171,0.31556488,-0.375,-0.16237976,-0.27711831,0.15282951,0,0.60892411,8.019578862,-0.54763997,-1.834547773
430,-0.42075318,0.51225953,0.125,-0.4330127,0.34681488,0.35294464,-0.6875,-0.16237976,-0.65282951,0.48024331,0.1484375,-0.35182282,10.35859357,-0.19986702,-2.527270858
431,-0.17075318,0.26225953,0.25,-0.21650635,-0.09681488,-0.01143829,0.21875,0.21650635,0.25173775,0.0272686,0.6015625,-0.37888611,5.428100405,-0.255545322,-1.212151828
432,-0.10825318,-0.40400635,-0.1875,-0.32475953,0.70170258,-0.33425476,-0.171875,-0.40594941,-0.05823815,-0.2985376,0.22265625,-0.50743676,11.63897465,-0.823906134,-2.595128491
433,-0.23325318,-0.15400635,0.1875,-0.32475953,0.32506012,-0.33201111,-0.421875,0.08118988,-0.57079826,-0.31094742,0.22265625,0.02029747,5.706464149,-0.637104292,-1.256086874
434,0.15849365,0,-0.25,0,0,-0.34763611,0,-0.4330127,0.47865585,0.16237976,-0.484375,0.16237976,4.273336917,-0.664351235,-0.873045585
435,0.29575318,0.26225953,0,0,0.03431488,0.13868194,0.4375,0,0.2808944,0.41146325,-0.1171875,0.36535447,4.178017422,-0.392375264,-0.859214255
436,0.25,0.09150635,0,0,0.25,0.19362976,0.0625,-0.21650635,-0.125,0.33047867,0.234375,-0.16237976,4.229333061,-0.476446361,-0.936948694
437,0.1875,-0.44975953,-0.1875,-0.10825318,-0.09262818,-0.32506012,-0.203125,0.13531647,0.40219345,-0.30767723,-0.08203125,0.115019,4.384778904,-0.5682146,-1.011922513
438,0.05024047,0.1875,0.3125,0.10825318,-0.58731964,-0.046875,-0.265625,0.18944306,0.16888527,0.33984375,0.01953125,0.16914559,6.047450311,-0.774981059,-1.304302818
439,0.09599365,-0.19975953,-0.1875,-0.54126588,0.38838135,-0.10631012,0.015625,0.29769623,0.20774246,-0.20289956,0.19921875,-0.56156335,5.506959375,-0.884542345,-1.564318743
440,0.20424682,-0.04575318,-0.125,0,0.27818512,0.381951,0.46875,0,0.13623299,0.12060799,-0.2890625,0.40594941,4.412909101,-0.802868839,-0.999810199
441,-0.26674682,-0.0625,-0.1875,0.10825318,0.41656647,0.08036865,-0.234375,0.35182282,-0.17613685,0.49747589,-0.31640625,-0.115019,8.991627071,-0.655537655,-1.973686392
442,0.14174682,-0.40400635,-0.0625,-0.10825318,-0.43719941,-0.03237182,0.046875,-0.13531647,0.11348656,-0.30022034,-0.21484375,0.115019,4.950049386,-0.683175201,-1.120486274
443,0.21650635,0.34150635,0.25,-0.21650635,0.26450318,0.17075318,-0.125,0.59539247,0.41488373,0.28207123,0.15625,-0.09472153,3.596797632,-0.465097343,-0.928646122
444,0.35825318,0.0625,0.0625,0.10825318,0.37694306,-0.31137818,-0.203125,0.08118988,0.05502297,0.10393631,0.16796875,0.20974053,4.604600183,-0.35299173,-1.026709527
445,0.07924682,0.07924682,0,-0.64951905,-0.38419464,0.25306488,0.3125,-0.05412659,-0.2026191,0.0706681,0.0703125,-0.81189882,5.778569024,-0.877651297,-1.230522983
446,-0.0625,0.14174682,-0.4375,-0.10825318,-0.296875,0.16881012,0.109375,0.35182282,-0.07421875,0.16832435,-0.42578125,-0.29093041,8.738723117,-1.038104776,-1.877813399
447,0.46650635,0,0.625,0,-0.25,-0.28125,-0.125,-0.16237976,0.62260605,-0.046875,0.6015625,0.16237976,2.749554218,-0.255974927,-0.640978657
448,-0.23325318,-0.1875,-0.3125,-0.10825318,-0.28319306,0.21762818,-0.234375,-0.08118988,0.07748894,-0.45243393,-0.32421875,-0.37212029,7.440957184,-1.102313103,-1.645429638
449,-0.42075318,0.07924682,0.625,0,-0.22405853,-0.12806488,-0.09375,0.21650635,-0.65282951,-0.01220451,0.8828125,0,6.689797208,-0.162890526,-1.731560247
450,0.07475953,0.27900635,0.0625,0.10825318,-0.22906647,-0.046875,-0.390625,-0.24356964,-0.03928794,0.34388016,0.07421875,0.20974053,4.717385245,-0.711943666,-0.996386555
451,0.17075318,0.32924682,-0.375,0,-0.08006806,0.15318512,-0.25,0.05412659,0.25424172,0.66426781,-0.3515625,0.08118988,4.833933712,-0.852588528,-1.115021776
452,0.1875,0.01674682,0.0625,0.10825318,-0.31137818,0.06668671,0.015625,-0.40594941,-0.23813095,-0.20652535,0.07421875,0.12855065,4.340814045,-0.428226742,-0.994214044
453,-0.29575318,-0.17075318,0.125,0.21650635,0.67381806,-0.05106171,-0.25,0.4330127,-0.12142922,0.21114281,0.5234375,-0.06765823,9.001233788,-0.287947181,-2.106438765
454,-0.04575318,0.17075318,0.125,0.21650635,-0.02205536,-0.18443512,-0.46875,0.16237976,-0.26358666,-0.11279549,0.1484375,-0.14884812,5.570445665,-0.229336954,-1.309601819
455,-0.17075318,0.29575318,0.25,0,-0.05330536,0.25082123,0,-0.10825318,-0.51833428,0.3043319,0.15625,-0.32475953,6.232929891,-0.364185439,-1.495084552
456,-0.59150635,-0.21650635,0.375,0,0.17912659,0.15400635,0.25,-0.37888611,-0.51491379,-0.11647629,0.2578125,-0.24356964,8.84635799,-0.968219812,-1.98718282
457,-0.0625,-0.10825318,0.0625,0.32475953,-0.19475159,0.47069306,-0.140625,0.13531647,-0.11649643,-0.08963844,0.35546875,0.06089241,5.623229372,-0.301568624,-1.430354416
458,-0.32475953,0.52900635,0.1875,-0.32475953,-0.12694306,-0.03850159,0.171875,-0.51420258,-0.28730462,0.58591736,0.08203125,-0.14208229,8.650838988,-0.228830981,-2.177077324
459,0.51225953,0.42075318,0.125,0,-0.28655853,0.23631806,-0.28125,0,0.34130104,0.52767922,0.078125,-0.12178482,3.950995777,-0.530114031,-0.867983724
460,-0.46650635,-0.125,0.125,0.21650635,-0.4017627,-0.36662659,0.15625,0.48713929,-0.34303879,-0.04840744,0.03125,0.29769623,11.25086052,-0.374035014,-2.853115214
461,0.27900635,-0.35825318,-0.1875,-0.10825318,-0.25725159,-0.59344941,-0.453125,0.13531647,0.15178284,-0.30195809,-0.08203125,0.115019,4.842765596,-0.515838786,-1.099230193
462,0.35825318,-0.0625,0.0625,-0.10825318,0.12918671,-0.65901429,-0.109375,-0.35182282,0.33627297,-0.04450119,-0.11328125,-0.53450005,3.667041403,-0.665575,-0.866644845
463,-0.14174682,-0.0625,-0.1875,-0.10825318,-0.09793671,-0.6361377,0.078125,0.40594941,-0.20891929,-0.01310089,-0.52734375,0.15561394,6.866512762,-0.558705964,-1.593322101
464,-0.4955127,-0.19975953,0.1875,0.10825318,0.11774841,0.13531647,0.203125,-0.13531647,-0.49803681,-0.52765908,-0.19921875,0.45331017,8.067163885,-0.782278795,-1.842442808
465,-0.13725953,-0.04575318,0.25,-0.21650635,0.72794464,-0.07393829,-0.5625,0.05412659,-0.21783348,0.12520531,0.15625,-0.01353165,8.245579497,-0.210524475,-1.916013196
466,0.3125,-0.10825318,0.3125,-0.32475953,0.39675476,-0.39144623,-0.609375,-0.29769623,0.08984375,-0.37212029,0.27734375,-0.46684182,4.058583812,-0.323585434,-0.895469331
467,0.26225953,-0.17075318,-0.125,0,0.33006806,0.24469147,-0.1875,0.48713929,0.13021325,-0.1324569,0.25,0.12178482,4.520722528,-0.566002707,-0.905572015
468,-0.04575318,-0.17075318,-0.125,0.21650635,0.21344147,-0.07393829,-0.3125,-0.54126588,-0.1715194,-0.6401191,-0.5,0.29769623,5.934678134,-0.526609279,-1.332526063
469,0.0625,0.26674682,0.3125,-0.10825318,0.08649841,-0.26031647,0.109375,-0.18944306,0.35210328,0.41051185,-0.05078125,0.19620888,4.181818475,-0.652106505,-0.844482643
470,0.5580127,0,0.125,0,0.09987976,0.44362976,-0.15625,-0.10825318,0.2378505,0.06111786,-0.15625,0.28416459,3.262396171,-0.53444376,-0.63706295
471,-0.125,0.125,0.125,0.21650635,-0.56025635,0.35600953,0.53125,-0.16237976,-0.34681488,-0.26379197,0.21875,-0.18944306,10.46282924,-0.124362944,-2.75891189
472,-0.10825318,0.3125,0.1875,0.10825318,0.49356964,0.07588135,-0.234375,0.40594941,-0.05027535,0.54435089,0.19921875,-0.07442406,6.934475952,-0.141214096,-1.685087601
473,0.15400635,-0.44975953,0.0625,0.10825318,0.38838135,0.44781647,0.546875,0.18944306,0.32350754,-0.37170967,-0.11328125,0.37212029,4.665942636,-0.764236337,-1.589615207
474,0.5580127,-0.09150635,0.375,0.4330127,-0.26450318,-0.31862976,-0.21875,-0.10825318,0.5191005,-0.17897629,0.421875,0.39241776,2.977314059,-0.299145286,-0.675657096
475,-0.4955127,0.10825318,0.0625,-0.32475953,-0.00725159,0.41656647,0.234375,0.08118988,-0.48839127,0.24573815,0.05078125,-0.42624688,11.32907688,-0.751918693,-2.745300366
476,0.375,-0.09150635,0.125,0,0.44362976,0.48713929,0.375,0.37888611,0.4453125,-0.20241379,0.0546875,0,3.527766867,-0.401869584,-0.890356212
477,-0.14174682,0.1875,0.1875,0.54126588,-0.13756012,-0.27175476,0.171875,0.02706329,0.32049767,0.28837143,0.15234375,0.68334817,7.220107104,-0.926368743,-1.392863992
478,0.01674682,-0.27900635,-0.0625,-0.10825318,-0.14144623,0.55300476,0.203125,0.24356964,0.55558388,-0.16266022,0.18359375,-0.41271523,4.929708335,-0.795829573,-1.251751401
479,-0.25,-0.34150635,0.125,0.64951905,-0.07700318,0.20200318,0.375,0.10825318,-0.26087738,-0.49300873,-0.0625,0.73070893,7.011485862,-0.340421786,-1.715486034
480,-0.0625,-0.23325318,-0.3125,0.32475953,0.19475159,0.43106964,-0.140625,0.62245576,0.10240387,0.0758062,-0.44140625,0.26386712,6.363497865,-0.649508091,-1.559813031
481,0.01674682,-0.0625,-0.0625,-0.32475953,-0.23968353,0.39451111,0.171875,0.24356964,-0.30823815,-0.06165863,0.06640625,-0.46684182,5.61676691,-0.481275658,-1.369373435
482,-0.44975953,-0.40400635,-0.1875,0.10825318,-0.36019623,0.49439088,0.359375,-0.02706329,-0.33571206,-0.42660248,-0.15234375,0.00676582,13.60073276,-0.961771649,-3.326683864
483,-0.1875,0.01674682,-0.4375,-0.10825318,0.37163453,0.39981964,-0.140625,-0.18944306,-0.22725357,0.22454429,-0.23828125,-0.29093041,8.915862705,-0.875498765,-1.913285718
484,-0.10825318,0.1875,0.4375,0.32475953,-0.21456329,0.234375,-0.203125,-0.24356964,0.4586187,0.38671875,0.49609375,0.42624688,6.630828857,-0.456551248,-1.43308116
485,0.60376588,0.29575318,0.25,0,-0.42994782,0.26756806,-0.4375,-0.32475953,0.34365472,0.61361672,-0.0078125,0.12178482,3.682393152,-0.653822814,-0.767884082
486,0.34150635,-0.21650635,0,-0.21650635,-0.20813294,0.35825318,0.09375,0.21650635,0.61019623,-0.11187897,0.28125,-0.33829117,3.943067908,-0.665130959,-0.898916933
487,-0.34150635,-0.21650635,0.125,0,0.49775635,-0.50612976,-0.125,-0.05412659,-0.18372391,-0.16335129,0.1953125,-0.56832917,8.44382645,-0.586048145,-1.989062937
488,0.29575318,0.04575318,-0.25,0.21650635,0.23631806,0.35518829,0.28125,0,0.40267922,0.02461434,-0.34375,0.50067094,4.077131731,-0.560705674,-0.969254481
489,0.1875,-0.32475953,0.1875,-0.10825318,0.09038453,-0.11856964,-0.359375,0.02706329,-0.09750595,-0.54343438,0.08203125,0.35858864,3.214105346,-0.388348348,-0.690132281
490,-0.07924682,-0.17075318,0,-0.21650635,0.15094147,0.14481171,-0.25,0.27063294,-0.05810799,-0.0776191,-0.3515625,-0.21650635,4.757682943,-0.525742621,-1.203669497
491,-0.38725953,-0.38725953,0,-0.21650635,-0.27594147,0.08844147,0.34375,0.32475953,-0.60969033,-0.12255104,0.28125,-0.25710129,11.53920726,-0.587929835,-2.85331443
492,0.1875,-0.19975953,-0.0625,-0.32475953,0.17800476,0.29769623,0.046875,-0.08118988,0.15234375,-0.45274926,-0.37890625,-0.50743676,4.22371708,-0.523709279,-1.074784535
493,-0.21650635,-0.125,0.125,0.21650635,0.25612976,-0.28962341,-0.5625,0,-0.08216141,-0.02037262,-0.1328125,0.01353165,7.140257353,-0.22987242,-1.668904305
494,0.1875,0.14174682,-0.1875,-0.10825318,0.00949524,0.00418671,-0.015625,-0.29769623,0.08203125,0.06537971,-0.59765625,-0.20974053,4.247773755,-0.724937994,-0.959850521
495,-0.04575318,0.07924682,-0.125,0.21650635,-0.03431488,0.35518829,-0.28125,0.05412659,-0.24642922,0.09870293,-0.1015625,0.25710129,5.232832692,-0.550669518,-1.118538574
496,-0.01674682,0.0625,0.1875,0.10825318,-0.64144623,-0.07588135,-0.515625,0.35182282,0.26136315,-0.16935089,0.12890625,0.20974053,5.123820771,-0.7125576,-1.076710323
497,0.17075318,-0.17075318,-0.125,0,0.54268829,0.01981171,0.65625,0,0.19817207,-0.21992684,0.1328125,0.16237976,4.89123229,-0.868229066,-1.075988449
498,0.0625,-0.10825318,-0.3125,0.32475953,0.04463135,0.28543671,0.296875,0.51420258,0.29435089,-0.30977059,-0.34765625,0.345057,5.99615529,-1.012728741,-1.086211412
499,0.21650635,0.09150635,0.25,-0.21650635,0.41850953,0,0,-0.27063294,0.25710129,-0.33496597,0.390625,-0.25710129,3.913232731,-0.439890302,-0.833647158
500,-0.125,-0.125,0.125,-0.21650635,-0.02287659,-0.25,-0.25,0.32475953,-0.02665268,-0.359375,0.171875,-0.37888611,4.60241931,-0.661279507,-1.023938654
501,0.01674682,-0.3125,-0.1875,-0.10825318,-0.06444306,-0.16350159,-0.171875,-0.24356964,-0.43002297,0.01478363,0.12890625,-0.16914559,4.893357072,-0.760082514,-1.038159348
502,0.04575318,-0.13725953,-0.125,0,0.31332123,0.48407441,0.15625,0,0.08864678,-0.12868081,-0.1484375,0.16237976,4.861459383,-0.697095882,-0.991046157
503,-0.15400635,0.10825318,0.1875,0.32475953,0.56526429,0.60182282,-0.078125,-0.24356964,-0.16740784,0.02392326,0.15234375,0.58862664,6.585732388,-0.415545502,-1.526524789
504,-0.07475953,-0.0625,0.4375,0.10825318,-0.44781647,0.140625,0.078125,0.29769623,0.16107277,-0.19140625,0.44921875,0.33152535,5.058919519,-0.234149626,-1.254935811
505,-0.35825318,0.27900635,-0.0625,-0.54126588,-0.25807282,0.06137818,0.078125,-0.29769623,-0.47689797,0.56109772,-0.02734375,-0.48037347,8.943284154,-1.187919221,-1.978195777
506,-0.17075318,0.04575318,0,0,0.53207123,0.02818512,0.1875,0.10825318,-0.0621444,0.34477654,0.1875,-0.24356964,7.388816915,-0.702978444,-1.618663433
507,-0.0625,0.05024047,-0.3125,0.10825318,0.421875,0.05831329,-0.015625,-0.40594941,-0.00390625,-0.20274926,-0.48828125,0.00676582,7.043622894,-1.030666113,-1.469589214
508,0.28349365,0.09150635,0.125,0.4330127,0.16237976,0.03962341,-0.46875,-0.21650635,0.43499603,-0.10518829,0.1015625,0.10825318,4.545263588,-0.26186928,-0.957757214
509,-0.32475953,0.15400635,-0.0625,0.32475953,-0.43331329,-0.24663453,0.296875,-0.56832917,-0.25298973,0.37497986,0.11328125,0.30446206,12.83086868,-0.211901009,-3.297309815
510,-0.17075318,-0.26225953,-0.5,0.21650635,-0.08006806,0.16544464,0.21875,-0.32475953,-0.53549172,-0.36290551,-0.265625,0.25710129,9.309173527,-0.919458038,-2.12840892
511,0.57475953,0.52900635,-0.0625,0.32475953,0.00643036,0.06975159,0.046875,0.08118988,0.81687188,0.28919266,0.41796875,0.345057,3.906090935,-0.648512069,-0.838535185
512,0.35825318,-0.02900635,0.1875,-0.10825318,-0.06444306,0.05524841,-0.015625,-0.13531647,0.71295571,-0.21106766,0.57421875,-0.25033547,3.004584124,-0.558924276,-0.688122895
513,0.25,-0.59150635,-0.375,-0.21650635,0.02287659,-0.09150635,0.53125,-0.27063294,0.23115982,-0.49484177,-0.234375,-0.05412659,5.375934568,-0.490217038,-1.371239366
514,0.42075318,-0.07924682,-0.25,-0.21650635,0.25530853,0.09068512,0.03125,0.4330127,0.2652694,0.24321404,-0.296875,-0.25710129,4.263618132,-0.636419083,-1.230414785
515,0.0625,-0.01674682,-0.1875,0.10825318,0.36774841,-0.12305694,0.390625,0.13531647,0.26171875,0.27392326,-0.22265625,0.20974053,5.126517805,-0.892029184,-1.135831561
516,-0.44975953,-0.0625,0.1875,0.32475953,0.22682282,0.16350159,-0.171875,-0.40594941,-0.55752694,-0.04618393,0.01171875,0.26386712,8.804229793,-0.479098752,-2.131009973
517,-0.15400635,0.01674682,0.3125,-0.32475953,0.05749206,0.34569306,0.078125,-0.40594941,-0.45785248,0.04332435,0.58203125,-0.18267723,4.820153987,-0.442787421,-1.061338029
518,0.04575318,0.20424682,0,-0.21650635,-0.24469147,0.13643829,0.4375,0.16237976,-0.05489281,0.1253556,0.0703125,-0.460076,5.926102384,-0.185005052,-1.485210092
519,0.01674682,-0.0625,-0.1875,-0.10825318,-0.24581329,0.109375,-0.296875,-0.24356964,0.11991691,-0.33203125,-0.10546875,-0.08795571,4.712536874,-0.730879213,-0.941703114
520,0.0625,-0.35825318,-0.0625,0.32475953,0.10713135,-0.10182282,-0.265625,0.08118988,-0.08984375,-0.40658547,0.08984375,0.50743676,4.422754907,-0.440060958,-0.965795908
521,0.0625,-0.10825318,-0.0625,-0.10825318,-0.046875,0.43944306,0.109375,0.51420258,0.06334137,-0.24114082,-0.51953125,0.15561394,4.743442017,-0.767611853,-1.164308639
522,-0.0625,-0.10825318,-0.3125,-0.32475953,-0.09875794,0.12918671,-0.484375,0.08118988,0.05844345,0.06354668,-0.18359375,-0.30446206,6.095674746,-0.657473438,-1.455898669
523,0.14174682,-0.15400635,-0.1875,0.10825318,0.47069306,0.390625,-0.078125,-0.460076,-0.18783547,-0.15944504,-0.29296875,0.25033547,5.790104925,-0.54087619,-1.258182793
524,0.32475953,0.40400635,-0.1875,-0.10825318,-0.06444306,0.30300476,-0.265625,0.35182282,0.11236473,0.63417451,-0.31640625,-0.20974053,4.466825566,-0.634135266,-1.410875974
525,0.14174682,-0.15400635,-0.1875,0.10825318,0.01256012,0.55913453,0.078125,0.02706329,0.08545174,-0.11716736,-0.29296875,0.16914559,4.25921479,-0.636958263,-0.973021102
526,0.1875,-0.10825318,0.0625,-0.10825318,-0.20088135,-0.45170258,-0.015625,-0.73070893,0.44447113,-0.08167565,-0.30078125,-0.04736076,3.759576425,-0.511760646,-0.825302522
527,-0.40400635,-0.19975953,-0.3125,0.10825318,-0.171875,0.41432282,0.015625,-0.24356964,-0.38769028,-0.25605462,-0.39453125,0.00676582,10.86451644,-1.880891255,-2.264952213
528,-0.14174682,0.1875,0.3125,-0.10825318,-0.37469941,-0.39451111,-0.015625,-0.08118988,-0.29010918,0.19921875,-0.07421875,-0.00676582,5.95571161,-0.504925415,-1.409746855
529,-0.0625,-0.10825318,0.1875,0.10825318,-0.27175476,-0.65819306,-0.453125,-0.08118988,0.22082322,-0.18002297,-0.01171875,0.53450005,4.973404863,-0.421632712,-1.167677042
530,0.0625,0.07475953,0.0625,0.10825318,-0.06362182,-0.01031647,0.578125,0.02706329,-0.17899643,-0.14391533,-0.04296875,-0.15561394,5.161158628,-0.156933141,-1.301238395
531,-0.125,0.5,0.375,0,0.20200318,-0.0625,0.28125,0.10825318,0.39185685,0.6171875,0.09375,0.44654435,7.889329664,-0.811873542,-1.714719922
532,0.15400635,-0.54126588,-0.3125,-0.10825318,0.10713135,-0.08343353,0.296875,-0.02706329,0.08913254,-0.65531335,-0.23046875,0.03382912,4.589985465,-0.528764897,-1.131773416
533,-0.38725953,0.42075318,0,-0.4330127,-0.09681488,0.40094147,-0.0625,0.21650635,-0.19118081,0.26863487,-0.28125,-0.59539247,10.91701211,-1.25214172,-2.402319884
534,0.07924682,0.04575318,0,0,-0.36969147,-0.42994782,-0.03125,0.37888611,-0.2574569,0.01373696,-0.1171875,0.12178482,5.360406203,-0.473779218,-1.252334756
535,-0.23325318,0.0625,-0.4375,-0.32475953,-0.05218353,-0.39899841,0.140625,0.02706329,-0.30042565,0.06793869,-0.44921875,-0.18267723,8.612523129,-1.089035506,-2.008760796
536,0.40400635,0.10825318,-0.0625,0.10825318,0.20701111,-0.47682282,0.203125,-0.24356964,0.56094742,0.41899529,-0.02734375,0.45331017,4.183905343,-0.709404167,-0.933337861
537,-0.1875,0.23325318,0.0625,-0.32475953,0.21987182,-0.01644623,-0.359375,0.35182282,-0.34612381,0.27239082,-0.06640625,-0.06089241,5.853772955,-0.584993008,-1.252445716
538,-0.17075318,-0.38725953,0,0,0.03655853,-0.56332123,-0.5625,-0.10825318,0.12199013,-0.27237069,0.046875,0.08118988,5.243924628,-0.693225512,-1.024982839
539,-0.25,-0.125,-0.125,0,0.16237976,-0.2455127,0.5,0.37888611,-0.36259018,0.34038453,0.0625,-0.28416459,7.440051112,-0.1940691,-1.855622703
540,0.34150635,0,-0.375,0.21650635,0.07700318,0.35600953,0.25,0.64951905,0.40094147,0.12346756,-0.4453125,0.17591141,5.045682383,-0.805922855,-1.329685517
541,-0.14174682,0.0625,0.0625,0.10825318,0.06668671,-0.13225159,0.328125,-0.40594941,-0.08085441,-0.20534851,0.00390625,-0.15561394,5.332210079,-0.823546582,-1.043097333
542,-0.125,-0.4330127,-0.25,-0.21650635,-0.32700318,-0.26225953,-0.3125,0.70364564,0.0779747,-0.67198502,-0.15625,-0.09472153,9.096612913,-0.809767607,-2.126191697
543,0.27900635,-0.19975953,0.3125,0.32475953,0.37163453,0.26868988,-0.046875,0.29769623,0.54685486,0.15785759,0.67578125,0.42624688,3.235244512,-0.126350398,-0.725074229
544,-0.1875,0.10825318,-0.3125,-0.32475953,-0.14675476,0.07057282,0.328125,-0.13531647,-0.51310089,-0.03382912,-0.27734375,0.26386712,8.73848949,-0.677725465,-2.071570248
545,-0.17075318,-0.20424682,-0.5,0,0.22181488,-0.288201,-0.03125,0.05412659,-0.05126701,-0.60789757,-0.6171875,-0.2029747,8.320051835,-1.387900146,-1.88456171
546,0.27900635,-0.32475953,0.0625,-0.32475953,-0.36550476,-0.26031647,0.296875,0.40594941,-0.07171478,-0.09352456,-0.18359375,0.06089241,6.344955505,-0.393207521,-1.52218765
547,0.10825318,-0.1875,-0.0625,-0.10825318,0.09793671,0.06362182,-0.109375,-0.08118988,-0.28536156,0.25069107,-0.02734375,0.19620888,4.309966577,-0.563919153,-0.913612452
548,0.17075318,-0.17075318,-0.25,0.21650635,-0.31556488,-0.81720735,-0.1875,0.16237976,-0.08935799,-0.03410957,-0.4609375,0.54126588,5.949065381,-0.525510774,-1.393629819
549,0.10825318,-0.40400635,-0.5625,-0.32475953,-0.13531647,-0.46149841,-0.234375,0.08118988,0.17542565,-0.31737778,-0.71484375,-0.22327217,7.221518899,-1.221285587,-1.606084123
550,-0.0625,-0.01674682,-0.1875,-0.10825318,0.265625,0.37469941,0.171875,0.35182282,0.30078125,0.12073815,-0.26953125,-0.12855065,5.22094118,-0.841887982,-1.300620283
551,0.09150635,-0.125,-0.125,0,0.39563294,-0.16462341,0.1875,0.16237976,0.19613373,-0.18443512,-0.21875,-0.52773423,4.516142582,-0.76711604,-1.083803839
552,0.0625,-0.10825318,0.1875,-0.10825318,0.45088135,0.30606964,-0.234375,0.24356964,0.21484375,-0.12855065,-0.15234375,-0.04736076,4.473826692,-0.270639979,-1.17429101
553,0.4330127,0.09150635,0.125,-0.21650635,0.10825318,0.33537659,0.28125,0.05412659,0.53136002,-0.21149841,0.0078125,-0.01353165,3.136698968,-0.522230781,-0.864120852
554,-0.03349365,0,0.5,0.21650635,0.38950318,0.06862976,-0.4375,0.05412659,-0.16155853,0.17325714,0.4765625,0.13531647,4.456053659,-0.064571441,-1.087930862
555,-0.40400635,-0.23325318,-0.1875,0.54126588,-0.10713135,-0.05218353,0.328125,0.24356964,-0.45632004,-0.38621285,-0.29296875,0.68334817,11.86184016,-0.688476047,-2.890977327
556,0.44975953,-0.0625,0.0625,0.32475953,-0.00418671,-0.32588135,0.109375,-0.40594941,0.77137902,0.31165863,0.28515625,0.50743676,3.270724467,-0.540560793,-0.650686822
557,0.25,-0.125,0.25,0.21650635,-0.21650635,-0.09375,0.375,-0.05412659,0.109375,-0.4296875,0.109375,0.25710129,3.969672617,-0.145595789,-0.986485165
558,-0.04575318,0.29575318,0.125,0,-0.20731171,0.25919464,0,-0.37888611,0.18464043,0.18086434,0.2421875,-0.08118988,5.709921919,-0.454996838,-1.315319938
559,0.27900635,0.10825318,0.3125,0.10825318,0.00949524,0.43944306,-0.140625,0.29769623,0.41419266,0.01596047,0.30078125,0.08795571,3.314726623,-0.486747821,-0.780789242
560,-0.57475953,-0.4375,-0.0625,0.32475953,0.03543671,-0.12387818,-0.109375,0.13531647,-0.34980462,-0.77106369,-0.40234375,0.30446206,11.66216945,-1.27316279,-2.480320126
561,0.6205127,0.10825318,0.4375,-0.10825318,0.15737182,-0.04381012,0.015625,0.02706329,0.79001389,-0.06982674,0.58984375,-0.25033547,2.671180602,-0.404136127,-0.694615166
562,0.23325318,0.3125,0.1875,0.10825318,-0.60795258,0.203125,-0.328125,-0.51420258,0.26442803,0.60546875,0.08203125,0.20974053,6.50653768,-0.527977733,-1.495803663
563,0.27900635,-0.01674682,-0.0625,0.10825318,0.265625,-0.17718353,-0.421875,0.29769623,-0.11230972,-0.01988685,-0.16796875,0.12855065,4.924832528,-0.430231298,-1.052973499
564,-0.15400635,-0.44975953,-0.0625,0.10825318,0.27175476,0.39144623,-0.046875,-0.13531647,-0.13600754,-0.20932991,-0.12109375,0.45331017,6.122906624,-0.404967044,-1.340780139
565,0.21650635,0,-0.125,0,-0.03737976,-0.3705127,0.03125,0,0.21022629,-0.32475953,-0.1953125,0.32475953,4.065234734,-0.502598398,-0.89290982
566,-0.32475953,-0.4375,0.0625,0.10825318,-0.29381012,-0.140625,-0.265625,-0.02706329,-0.04205223,-0.44921875,0.19140625,0.16914559,8.222119093,-1.603651808,-2.748739114
567,0.34150635,-0.21650635,0.125,0,0.04575318,-0.13950318,0.03125,0.10825318,0.24943909,-0.36172867,0.21875,0.28416459,3.068739172,-0.375272315,-0.680029566
568,-0.10825318,0.0625,0.0625,0.32475953,-0.33956329,-0.01338135,-0.171875,-0.460076,-0.47046761,0.04450119,0.16796875,0.22327217,6.534524574,-0.463277394,-1.578236615
569,0.23325318,-0.3125,-0.0625,-0.10825318,0.241326,-0.49887818,-0.203125,-0.13531647,0.21923576,-0.14299881,0.27734375,-0.49390511,4.028929755,-0.772707869,-0.799548459
570,-0.5580127,0.125,0.25,0,0.38501588,-0.13950318,-0.3125,0.4330127,-0.48310288,0.0626503,0.15625,0,12.72100752,-0.419925819,-3.031644955
571,-0.26674682,0.27900635,0.0625,-0.32475953,-0.14368988,-0.21762818,0.421875,-0.24356964,-0.25900947,0.2438501,0.28515625,-0.26386712,6.372974949,-0.204253411,-1.5861159
572,0.34150635,0.25,0.125,0.64951905,-0.01674682,-0.25612976,0.21875,0.16237976,0.63026826,0.5078125,0.171875,0.73070893,4.955513071,-0.81396947,-0.899191695
573,0.29575318,0.32924682,0,0,0.31780853,-0.44056488,0.5,-0.21650635,0.5855819,0.37842049,0.140625,0.08118988,4.643141631,-0.845768274,-1.012633886
574,-0.07924682,-0.17075318,0,-0.21650635,-0.16155853,0.29881806,0,0.27063294,-0.36739281,0.27977257,0.1875,-0.58186082,5.94046588,-0.868252085,-1.290287459
575,-0.3125,-0.35825318,-0.4375,0.32475953,0.046875,-0.22682282,0.015625,0.51420258,-0.37109375,-0.28480065,-0.56640625,0.22327217,9.610412896,-1.545435211,-1.772113435
576,-0.15400635,-0.01674682,-0.1875,-0.10825318,0.40288453,0.13531647,0.171875,-0.18944306,0.18247193,-0.37144935,-0.24609375,-0.00676582,6.566841227,-0.767636146,-1.482514336
577,0.20424682,0.07924682,0,0,-0.42157441,-0.42381806,0.4375,-0.32475953,-0.2182441,0.46114281,-0.140625,0,5.561554987,-0.162486939,-1.393091478
578,0.10825318,0.0625,0.1875,-0.10825318,-0.29156647,0.30524841,-0.265625,0.51420258,0.44871285,0.23200119,0.08203125,-0.12855065,4.945487878,-0.902070211,-1.056753472
579,-0.04575318,-0.32924682,-0.375,-0.21650635,0.27594147,-0.31332123,-0.25,-0.21650635,-0.1480819,-0.23779549,-0.4453125,-0.41948105,7.420429319,-0.935449238,-1.552780727
580,-0.23325318,-0.27900635,-0.1875,-0.32475953,0.08956329,-0.38838135,0.203125,-0.18944306,-0.34270332,0.05455734,-0.01171875,-0.18267723,8.442949785,-1.70280555,-2.814979024
581,0.0625,0.01674682,0.0625,-0.54126588,-0.17800476,-0.11019623,0.015625,0.18944306,0.00850357,-0.06298576,-0.13671875,-0.68334817,4.967147538,-0.7386075,-1.213420644
582,-0.04575318,-0.04575318,0,-0.21650635,0.20282441,-0.26981171,-0.21875,-0.21650635,0.09089043,0.12520531,0.28125,-0.6630507,5.457864085,-0.671425231,-1.154638606
583,-0.0625,-0.19975953,0.0625,-0.10825318,-0.01786865,-0.07506012,0.296875,0.35182282,-0.50528839,-0.15602456,0.30859375,-0.20974053,5.106432499,-0.299857024,-1.244255073
584,-0.0625,0.10825318,0.1875,0.32475953,-0.3236377,-0.12694306,0.359375,0.08118988,-0.34750595,0.36752297,0.12890625,-0.18267723,6.107572198,-0.110807922,-1.576765314
585,0.8080127,0,0.5,0.21650635,-0.15625,-0.1875,-0.3125,-0.05412659,0.77201508,0.140625,0.40625,0.50067094,2.559575099,-0.399252386,-0.635382335
586,-0.32924682,0.07924682,0.125,0,-0.09068512,-0.05719147,0.125,0.59539247,-0.23779549,-0.33696404,-0.1328125,-0.08118988,7.136453577,-0.625609831,-1.675092761
587,-0.38725953,0.42075318,0.125,-0.21650635,-0.45506806,-0.16155853,0.40625,-0.27063294,-0.33808587,0.7105819,-0.25,-0.37888611,12.21497201,-0.253213408,-3.175472361
588,-0.17075318,-0.07924682,-0.25,0.21650635,0.06556488,-0.22405853,0.3125,-0.27063294,-0.30111672,-0.00495293,-0.0625,0.25710129,7.184001114,-0.4235627,-1.715769432
589,-0.01674682,0.15400635,0.1875,-0.32475953,0.39368988,-0.109375,-0.015625,-0.08118988,-0.09188209,0.08913254,0.36328125,-0.5480317,4.792810474,-0.554374084,-1.045775926
590,-0.35825318,-0.15400635,0.1875,-0.10825318,0.21231964,0.06362182,0.109375,0.29769623,-0.52713844,-0.09709534,0.50390625,0.115019,6.045345903,-0.5897645,-1.257499996
591,-0.40400635,-0.23325318,-0.1875,0.10825318,0.10713135,-0.16881012,-0.265625,-0.35182282,-0.35169266,0.23527138,-0.50390625,-0.03382912,10.87256009,-1.044041209,-2.315230698
592,-0.03349365,0.09150635,0.25,-0.21650635,0.81025635,-0.10825318,-0.125,0.27063294,-0.06321121,0.14006409,0.6484375,0.18944306,7.932397428,-0.248444438,-1.858522336
593,0.3125,-0.10825318,0.3125,0.10825318,-0.46538453,-0.05218353,0.109375,0.29769623,0.20243393,-0.36124291,0.25390625,0.16914559,4.070477587,-0.161684477,-1.012375144
594,-0.76225953,-0.04575318,0.375,0.21650635,0.09457123,0.13643829,-0.09375,0.05412659,-0.78799569,0.20807793,0.46875,-0.10825318,16.41217863,-0.722674863,-3.905682918
595,-0.03349365,-0.09150635,0.375,0.4330127,0.05412659,-0.23938294,-0.28125,-0.4330127,-0.19419068,-0.36019623,0.2578125,0.18944306,4.59854549,-0.270821502,-1.103545338
596,-0.1875,-0.10825318,-0.5625,0.32475953,-0.046875,-0.40206329,0.234375,0.29769623,-0.08203125,0.19957435,-0.76171875,0.38565194,10.0056888,-1.377721331,-2.163620556
597,-0.57475953,-0.3125,-0.0625,0.10825318,0.33118988,-0.51338135,-0.609375,0.08118988,-0.45151741,-0.38365387,-0.21484375,-0.03382912,18.41508682,-1.008615945,-4.290585645
598,-0.54575318,0.04575318,0.375,0,0.26981171,-0.08844147,-0.1875,0.16237976,-0.62924172,0.0777694,0.28125,0.12178482,9.97590988,-0.526705591,-2.368675834
599,0.29575318,-0.17075318,-0.25,0,0.12806488,-0.05719147,-0.46875,-0.48713929,0.06076225,-0.27139916,-0.15625,0.08118988,5.164329875,-0.582389272,-1.086571588
